{
 "config": {
  "seeds": 20,
  "K": 2,
  "probe": 15,
  "min_dormancy": 80,
  "min_len": 6,
  "substrate": "4H/L2b/rich10 (confirmed gate cell)",
  "block_counts": {
   "0": 124,
   "1": 123,
   "2": 24,
   "3": 43
  }
 },
 "post_react": {
  "A1-monolith-erm": {
   "mean": 0.00588230997911034,
   "ci95": 0.00023321163739217058,
   "n": 20
  },
  "A2-router": {
   "mean": 0.005838897313582994,
   "ci95": 0.00022090194202780615,
   "n": 20
  },
  "A3-recentperf": {
   "mean": 0.005879254738180518,
   "ci95": 0.0002150970992195664,
   "n": 20
  },
  "A4-randomfixed": {
   "mean": 0.0058471512654413435,
   "ci95": 0.000243666600985769,
   "n": 20
  },
  "A5-risp-erm": {
   "mean": 0.005875474401473585,
   "ci95": 0.00021744593851855603,
   "n": 20
  },
  "A6-risp-inv": {
   "mean": 0.00579602547875936,
   "ci95": 0.00022765729856732614,
   "n": 20
  },
  "A7-monolith-inv": {
   "mean": 0.005742895779764522,
   "ci95": 0.00022327689374263554,
   "n": 20
  },
  "A8a-hedge-fixed": {
   "mean": 0.006067941971440857,
   "ci95": 0.00023135457754916132,
   "n": 20
  },
  "A8b-hedge-learn": {
   "mean": 0.005809022996297666,
   "ci95": 0.0002614913844319107,
   "n": 20
  },
  "A9-oracle-pinned": {
   "mean": 0.00588048256296946,
   "ci95": 0.00017975680687846892,
   "n": 20
  }
 },
 "overall": {
  "A1-monolith-erm": {
   "mean": 0.0054800428438403674,
   "ci95": 7.359869122185854e-05,
   "n": 20
  },
  "A2-router": {
   "mean": 0.005461142309130371,
   "ci95": 7.93114445159374e-05,
   "n": 20
  },
  "A3-recentperf": {
   "mean": 0.005501563065868928,
   "ci95": 8.551010530878437e-05,
   "n": 20
  },
  "A4-randomfixed": {
   "mean": 0.005444170664144007,
   "ci95": 9.177779097221101e-05,
   "n": 20
  },
  "A5-risp-erm": {
   "mean": 0.005482693687896473,
   "ci95": 0.00010610608203460505,
   "n": 20
  },
  "A6-risp-inv": {
   "mean": 0.005434167004981775,
   "ci95": 0.00011634488075163709,
   "n": 20
  },
  "A7-monolith-inv": {
   "mean": 0.005450800741071881,
   "ci95": 8.422888321143971e-05,
   "n": 20
  },
  "A8a-hedge-fixed": {
   "mean": 0.005552308954231119,
   "ci95": 9.98574874144604e-05,
   "n": 20
  },
  "A8b-hedge-learn": {
   "mean": 0.005416008865269708,
   "ci95": 7.704874768777874e-05,
   "n": 20
  },
  "A9-oracle-pinned": {
   "mean": 0.00545972235336782,
   "ci95": 0.0001106683755002804,
   "n": 20
  }
 },
 "welch_p": {
  "A6-risp-inv vs A5-risp-erm": 0.6237121362240572,
  "A6-risp-inv vs A1-monolith-erm": 0.6068319582082401,
  "A5-risp-erm vs A2-router": 0.8183344460434356,
  "A5-risp-erm vs A1-monolith-erm": 0.966705529975028,
  "A6-risp-inv vs A8b-hedge-learn": 0.941818877007804,
  "A6-risp-inv vs A9-oracle-pinned": 0.5717582965240376
 },
 "holm_p": {
  "A6-risp-inv vs A9-oracle-pinned": 1.0,
  "A6-risp-inv vs A1-monolith-erm": 1.0,
  "A6-risp-inv vs A5-risp-erm": 1.0,
  "A5-risp-erm vs A2-router": 1.0,
  "A6-risp-inv vs A8b-hedge-learn": 1.0,
  "A5-risp-erm vs A1-monolith-erm": 1.0
 },
 "raw": {
  "A1-monolith-erm": {
   "overall": [
    0.005696915352747044,
    0.005328407063778056,
    0.005398692885711298,
    0.00548699343306619,
    0.005230965354357237,
    0.0054204055736163945,
    0.0055850851561568635,
    0.005645913746507981,
    0.005256706869270598,
    0.005386658635880576,
    0.005649942076830649,
    0.005459325844238094,
    0.005667375333986897,
    0.005497393159732736,
    0.005772976828639344,
    0.005620199537976294,
    0.005450076434015325,
    0.0054755369222318235,
    0.005443330836313446,
    0.005127955831750502
   ],
   "post_react": [
    0.00530809350792839,
    0.006251866763365299,
    0.006142302577868343,
    0.006658173781287419,
    0.006498272614732015,
    0.00542650625106827,
    0.004989854946770816,
    0.006287460629963941,
    0.006548217982824636,
    0.005341177699106881,
    0.004835287416065204,
    0.005502611393259701,
    0.006377953736552082,
    0.005990413215100699,
    0.005581725793201024,
    0.006379021934474935,
    0.006109086880088607,
    0.005982192860459809,
    0.00578766621506016,
    0.005648313383028549
   ]
  },
  "A2-router": {
   "overall": [
    0.005633230300417518,
    0.005199549469843754,
    0.005426899019236791,
    0.005409490852265641,
    0.00540561522156244,
    0.005790603040806995,
    0.005438523980085897,
    0.0054620971558426564,
    0.005058612999097328,
    0.005598769141050261,
    0.005644949345232787,
    0.005562110110783205,
    0.005469340011991538,
    0.005358111220220204,
    0.005440314640673417,
    0.0056519811146561235,
    0.005545882743681148,
    0.005267513544646123,
    0.005640632326004601,
    0.00521861994450898
   ],
   "post_react": [
    0.004926603526317335,
    0.005815567007829811,
    0.005503293433556137,
    0.006325411693275649,
    0.0065986906607598235,
    0.005918895245939498,
    0.00512963303827289,
    0.006437179372546913,
    0.006596008933314619,
    0.005472730577851307,
    0.005328102705089444,
    0.005530809151999616,
    0.006395821642046676,
    0.006013475930916257,
    0.005218062647892047,
    0.005879681684602261,
    0.006259436939300435,
    0.005822870953595182,
    0.006141592909800193,
    0.005464078216753793
   ]
  },
  "A3-recentperf": {
   "overall": [
    0.005658436713599881,
    0.005316564600528145,
    0.005239476435388992,
    0.005642266153763384,
    0.005305940856283733,
    0.0056553001802956224,
    0.005478662629667093,
    0.00555779187845386,
    0.0051303010263379495,
    0.005697856490062515,
    0.0054095707428696745,
    0.005498979976058282,
    0.00573362894262537,
    0.005689574485679819,
    0.005789975164532696,
    0.005250252029497976,
    0.005574535025751244,
    0.005525030860690811,
    0.005633722234247537,
    0.00524339489104399
   ],
   "post_react": [
    0.005773662126069996,
    0.005963464234208513,
    0.005513670626862287,
    0.006313717812995372,
    0.006466243892181327,
    0.005735577493008659,
    0.005429466576696942,
    0.005722058383616316,
    0.005694121828270349,
    0.005586667188407829,
    0.004895188681994967,
    0.005528574616699049,
    0.006667745607000281,
    0.006772745472186317,
    0.0054500574530438285,
    0.005648816152992543,
    0.006465549144448076,
    0.006295936225367548,
    0.006186630655736441,
    0.005475200591823719
   ]
  },
  "A4-randomfixed": {
   "overall": [
    0.005461549740566896,
    0.005192292734789806,
    0.005655170209320368,
    0.005651411849634285,
    0.005188200366742244,
    0.005398357762184532,
    0.005601062142082436,
    0.00540371730965451,
    0.005345266658538568,
    0.005558220190355317,
    0.0053828342094443616,
    0.005599218734292377,
    0.005697084220738339,
    0.005847322978791231,
    0.005657272423901346,
    0.005325534794559673,
    0.0054485112500476255,
    0.005110733123225144,
    0.005196843312147556,
    0.005162809271863525
   ],
   "post_react": [
    0.006135097631874554,
    0.005965680875578881,
    0.006001015411015621,
    0.0062308567394158765,
    0.005965611599863057,
    0.005049251375279159,
    0.005450032098407871,
    0.005672055904158633,
    0.006561056338489434,
    0.005804899196450503,
    0.005053679513454195,
    0.005883968995065994,
    0.006976775370946312,
    0.006988632521926177,
    0.005173032889317727,
    0.005334446405021951,
    0.0056933466743609,
    0.006032977830606446,
    0.005424655818149634,
    0.00554595211944395
   ]
  },
  "A5-risp-erm": {
   "overall": [
    0.00524499329698859,
    0.00527353957677144,
    0.00513396391947615,
    0.00516104745632229,
    0.005381289696022759,
    0.005892976830513775,
    0.005686983793455747,
    0.005556679257185139,
    0.005207673874893507,
    0.005577444372763585,
    0.005452677275291439,
    0.005745554795851096,
    0.005616695746967598,
    0.005669099550721696,
    0.0058207326076067396,
    0.00560674062759168,
    0.005613143108469139,
    0.00561376761593927,
    0.005323691056584845,
    0.00507517929851298
   ],