{
 "config": {
  "seeds": 20,
  "K": 2,
  "probe": 15,
  "min_dormancy": 80,
  "block_counts": {
   "0": 15,
   "1": 13,
   "2": 7,
   "3": 9
  }
 },
 "post_react": {
  "A1-monolith-erm": {
   "mean": 0.013957107089737176,
   "ci95": 0.0005070469925384097,
   "n": 20
  },
  "A2-router": {
   "mean": 0.01403259949300579,
   "ci95": 0.0004965884590155451,
   "n": 20
  },
  "A3-recentperf": {
   "mean": 0.01398401474248182,
   "ci95": 0.0007541296224277365,
   "n": 20
  },
  "A4-randomfixed": {
   "mean": 0.013729293299255745,
   "ci95": 0.0005690395104490738,
   "n": 20
  },
  "A5-risp-erm": {
   "mean": 0.013813352544639973,
   "ci95": 0.0005647594223243494,
   "n": 20
  },
  "A6-risp-inv": {
   "mean": 0.013444978534392221,
   "ci95": 0.0006417016233955517,
   "n": 20
  },
  "A7-monolith-inv": {
   "mean": 0.01410060085607399,
   "ci95": 0.0005700459026477366,
   "n": 20
  },
  "A8a-hedge-fixed": {
   "mean": 0.013245902160687767,
   "ci95": 0.0005263891805514056,
   "n": 20
  },
  "A8b-hedge-learn": {
   "mean": 0.014003171784252593,
   "ci95": 0.0005886622108498153,
   "n": 20
  },
  "A9-oracle-pinned": {
   "mean": 0.013417415028416705,
   "ci95": 0.0005194764446728647,
   "n": 20
  }
 },
 "overall": {
  "A1-monolith-erm": {
   "mean": 0.012848077316337561,
   "ci95": 0.00016560029918265124,
   "n": 20
  },
  "A2-router": {
   "mean": 0.012958048120402531,
   "ci95": 0.00020143204644674514,
   "n": 20
  },
  "A3-recentperf": {
   "mean": 0.01298912941555056,
   "ci95": 0.0002529039988547836,
   "n": 20
  },
  "A4-randomfixed": {
   "mean": 0.012729854348316838,
   "ci95": 0.00026769954966799844,
   "n": 20
  },
  "A5-risp-erm": {
   "mean": 0.012760027093953519,
   "ci95": 0.00024649847784270827,
   "n": 20
  },
  "A6-risp-inv": {
   "mean": 0.012632997357176467,
   "ci95": 0.0002542475921347156,
   "n": 20
  },
  "A7-monolith-inv": {
   "mean": 0.01290054395527818,
   "ci95": 0.00017761243074491034,
   "n": 20
  },
  "A8a-hedge-fixed": {
   "mean": 0.01238713340377873,
   "ci95": 0.00022908384884189512,
   "n": 20
  },
  "A8b-hedge-learn": {
   "mean": 0.012853600537861457,
   "ci95": 0.00017094610016853712,
   "n": 20
  },
  "A9-oracle-pinned": {
   "mean": 0.012678525339147617,
   "ci95": 0.0002650793180595132,
   "n": 20
  }
 },
 "welch_p": {
  "A6-risp-inv vs A5-risp-erm": 0.4036899904520437,
  "A6-risp-inv vs A1-monolith-erm": 0.22764824895849814,
  "A5-risp-erm vs A2-router": 0.5711366394103025,
  "A5-risp-erm vs A1-monolith-erm": 0.7125488208191644,
  "A6-risp-inv vs A8b-hedge-learn": 0.21670587015179993,
  "A6-risp-inv vs A9-oracle-pinned": 0.9481850521145283
 },
 "holm_p": {
  "A6-risp-inv vs A8b-hedge-learn": 1.0,
  "A6-risp-inv vs A1-monolith-erm": 1.0,
  "A6-risp-inv vs A5-risp-erm": 1.0,
  "A5-risp-erm vs A2-router": 1.0,
  "A5-risp-erm vs A1-monolith-erm": 1.0,
  "A6-risp-inv vs A9-oracle-pinned": 1.0
 },
 "raw": {
  "A1-monolith-erm": {
   "overall": [
    0.01295739689282588,
    0.012715690071146054,
    0.01291886001373765,
    0.01289676795759624,
    0.012933442562213807,
    0.012558422773492783,
    0.012896076920298576,
    0.012653931296755362,
    0.012639322525240162,
    0.013257368456777701,
    0.012738853063454065,
    0.013111723180407889,
    0.01188815137188275,
    0.01278147739514471,
    0.013136580190660222,
    0.01209481407365753,
    0.013146086979561423,
    0.01356713426074724,
    0.013032260662184896,
    0.013037185678966239
   ],
   "post_react": [
    0.01313059158930443,
    0.015057553312717036,
    0.013364037267724827,
    0.015139980422082096,
    0.013315690083133751,
    0.015359968785618478,
    0.015066674968660761,
    0.014008966848490428,
    0.012847748450998285,
    0.014214199750183877,
    0.012447683409267702,
    0.014309402728852097,
    0.012158786205376476,
    0.013400122413890853,
    0.014314396026235326,
    0.012327074873693757,
    0.013320368412878819,
    0.01643337130879109,
    0.013722434504260334,
    0.01520309043258304
   ]
  },
  "A2-router": {
   "overall": [
    0.013580283345131774,
    0.012287578971895636,
    0.013300643814530898,
    0.012393961912859113,
    0.012981745352453099,
    0.012612681363471696,
    0.013102665541707435,
    0.01213987934498035,
    0.012930974884395593,
    0.013335473025877679,
    0.012812029342466343,
    0.013420637731886415,
    0.01214385275727897,
    0.013213495837823296,
    0.01331031885096234,
    0.012545243467793621,
    0.013126485370090419,
    0.013357479416315463,
    0.013026678772882752,
    0.013538853303247741
   ],
   "post_react": [
    0.013587868460348655,
    0.014263685506872258,
    0.014454562542895516,
    0.014877845773281096,
    0.013098716266371576,
    0.014575909283518334,
    0.014170869625854928,
    0.01397643168097617,
    0.013335493485068607,
    0.01381796384155638,
    0.012684735301862876,
    0.015869180707913714,
    0.012191220313812933,
    0.013105518007557345,
    0.013689745529377541,
    0.01332427890135046,
    0.012819331238933031,
    0.0168121340967851,
    0.014547870545522913,
    0.015448628750256389
   ]
  },
  "A3-recentperf": {
   "overall": [
    0.012678236422040882,
    0.012931924748154367,
    0.013234056478657153,
    0.012344046440915328,
    0.013405096316391762,
    0.012453470311736268,
    0.013741206280061218,
    0.01198753337487019,
    0.012969124948818368,
    0.013008636997084712,
    0.012346670153321675,
    0.013771527951866347,
    0.012228117419341688,
    0.012759061815142322,
    0.013553382810123927,
    0.012546102706115446,
    0.013481752450615761,
    0.013781407531567024,
    0.012776016970767691,
    0.013785216183419094
   ],
   "post_react": [
    0.013073104487471386,
    0.014760668927151496,
    0.015457657900646505,
    0.016103607744219636,
    0.014363742594285066,
    0.015773747338972077,
    0.01465176102056797,
    0.012512444534207542,
    0.012205035186690708,
    0.012503533821892985,
    0.011905021161926974,
    0.015372466739028553,
    0.01163517157200534,
    0.012305953678285141,
    0.014730963804672939,
    0.01258557008800045,
    0.012967192973886177,
    0.017895307429489672,
    0.013213802278009485,
    0.015663541568226316
   ]
  },
  "A4-randomfixed": {
   "overall": [
    0.012753105682847588,
    0.012514026257309518,
    0.013109607057871944,
    0.01195381742348192,
    0.012446393706170974,
    0.013050596912380181,
    0.013030451635710113,
    0.011601943757490076,
    0.01255037452223634,
    0.012705284222845805,
    0.012944899502660652,
    0.013857425993695346,
    0.011958984979267276,
    0.012619268860232768,
    0.012429824709584984,
    0.012217413797537524,
    0.013542567310206054,
    0.013635412996052174,
    0.012153758797866699,
    0.013521928840888804
   ],
   "post_react": [
    0.012778628433373719,
    0.01489849241654083,
    0.014228373169062222,
    0.015177618619151869,
    0.012247955679241598,
    0.01466041580382662,
    0.014459874708722318,
    0.012429105452950893,
    0.012168915098112038,
    0.013627707697175041,
    0.012902258731466772,
    0.015154806425203766,
    0.01224285377869034,
    0.0130069842248332,
    0.01340942063613297,
    0.012846109355868033,
    0.012292260548416286,
    0.01576119789423562,
    0.013893092326918856,
    0.01639979498519191
   ]
  },
  "A5-risp-erm": {
   "overall": [
    0.012832065065338471,
    0.012311734643370225,
    0.013328924549841597,
    0.012175940372905895,
    0.012638218606920415,
    0.012006166988618948,
    0.0130891058164872,
    0.012121660643272669,
    0.013101770194210308,
    0.012407542630870357,
    0.012772811875598082,
    0.014037663365277592,
    0.012187856683785619,
    0.012717896918167862,
    0.013173738879753481,
    0.011831384459952734,
    0.013419679060710146,
    0.01321786555977695,
    0.012677744275446523,
    0.013150771288765302
   ],