{
 "hard": {
  "1": {
   "post_react": {
    "A1-monolith-erm": {
     "mean": 0.03426737404123227,
     "ci95": 0.0010162977171361365,
     "n": 20
    },
    "A2-router": {
     "mean": 0.034323473221384175,
     "ci95": 0.0010018273204264701,
     "n": 20
    },
    "A4-randomfixed": {
     "mean": 0.036670813337125095,
     "ci95": 0.0016320174393813398,
     "n": 20
    },
    "A5-risp-erm": {
     "mean": 0.03214147557689178,
     "ci95": 0.0006957961875529838,
     "n": 20
    },
    "A6-risp-inv": {
     "mean": 0.030717997153885256,
     "ci95": 0.0006628605067218249,
     "n": 20
    },
    "A9-oracle-pinned": {
     "mean": 0.0320999429947128,
     "ci95": 0.0007707134239865939,
     "n": 20
    }
   },
   "overall": {
    "A1-monolith-erm": {
     "mean": 0.026748563990132902,
     "ci95": 0.00047003166664266776,
     "n": 20
    },
    "A2-router": {
     "mean": 0.027017841062154258,
     "ci95": 0.0004947661584124389,
     "n": 20
    },
    "A4-randomfixed": {
     "mean": 0.03256022072230356,
     "ci95": 0.0014432870747229315,
     "n": 20
    },
    "A5-risp-erm": {
     "mean": 0.02749966163249386,
     "ci95": 0.0006449774623038043,
     "n": 20
    },
    "A6-risp-inv": {
     "mean": 0.026016511393010526,
     "ci95": 0.0005872285030447526,
     "n": 20
    },
    "A9-oracle-pinned": {
     "mean": 0.027364655186026758,
     "ci95": 0.0006621142047071601,
     "n": 20
    }
   }
  },
  "2": {
   "post_react": {
    "A1-monolith-erm": {
     "mean": 0.0342431540125039,
     "ci95": 0.000946702684306537,
     "n": 20
    },
    "A2-router": {
     "mean": 0.03408000508783588,
     "ci95": 0.0010975421934346558,
     "n": 20
    },
    "A4-randomfixed": {
     "mean": 0.0329470923400571,
     "ci95": 0.001256828436825529,
     "n": 20
    },
    "A5-risp-erm": {
     "mean": 0.03214147557689178,
     "ci95": 0.0006957961875529838,
     "n": 20
    },
    "A6-risp-inv": {
     "mean": 0.030717997153885256,
     "ci95": 0.0006628605067218249,
     "n": 20
    },
    "A9-oracle-pinned": {
     "mean": 0.0320999429947128,
     "ci95": 0.0007707134239865939,
     "n": 20
    }
   },
   "overall": {
    "A1-monolith-erm": {
     "mean": 0.02689955981840318,
     "ci95": 0.00044101723758312124,
     "n": 20
    },
    "A2-router": {
     "mean": 0.0269516897604205,
     "ci95": 0.0005165499745730088,
     "n": 20
    },
    "A4-randomfixed": {
     "mean": 0.028267938028956052,
     "ci95": 0.0011435640727181693,
     "n": 20
    },
    "A5-risp-erm": {
     "mean": 0.02749966163249386,
     "ci95": 0.0006449774623038043,
     "n": 20
    },
    "A6-risp-inv": {
     "mean": 0.026016511393010526,
     "ci95": 0.0005872285030447526,
     "n": 20
    },
    "A9-oracle-pinned": {
     "mean": 0.027364655186026758,
     "ci95": 0.0006621142047071601,
     "n": 20
    }
   }
  },
  "3": {
   "post_react": {
    "A1-monolith-erm": {
     "mean": 0.03302719696286828,
     "ci95": 0.0008792210618393932,
     "n": 20
    },
    "A2-router": {
     "mean": 0.03275753888833894,
     "ci95": 0.0006435299512870874,
     "n": 20
    },
    "A4-randomfixed": {
     "mean": 0.03202148539803155,
     "ci95": 0.0007230027928184263,
     "n": 20
    },
    "A5-risp-erm": {
     "mean": 0.03214147557689178,
     "ci95": 0.0006957961875529838,
     "n": 20
    },
    "A6-risp-inv": {
     "mean": 0.030717997153885256,
     "ci95": 0.0006628605067218249,
     "n": 20
    },
    "A9-oracle-pinned": {
     "mean": 0.0320999429947128,
     "ci95": 0.0007707134239865939,
     "n": 20
    }
   },
   "overall": {
    "A1-monolith-erm": {
     "mean": 0.027081374754906306,
     "ci95": 0.0005838681787252082,
     "n": 20
    },
    "A2-router": {
     "mean": 0.027301377736354354,
     "ci95": 0.0005946231898397496,
     "n": 20
    },
    "A4-randomfixed": {
     "mean": 0.027397053807021676,
     "ci95": 0.0006381430174214149,
     "n": 20
    },
    "A5-risp-erm": {
     "mean": 0.02749966163249386,
     "ci95": 0.0006449774623038043,
     "n": 20
    },
    "A6-risp-inv": {
     "mean": 0.026016511393010526,
     "ci95": 0.0005872285030447526,
     "n": 20
    },
    "A9-oracle-pinned": {
     "mean": 0.027364655186026758,
     "ci95": 0.0006621142047071601,
     "n": 20
    }
   }
  },
  "4": {
   "post_react": {
    "A1-monolith-erm": {
     "mean": 0.03220968555638869,
     "ci95": 0.0008177476336705918,
     "n": 20
    },
    "A2-router": {
     "mean": 0.032281451169515744,
     "ci95": 0.00068456015640996,
     "n": 20
    },
    "A4-randomfixed": {
     "mean": 0.032056068895303616,
     "ci95": 0.0007780073857179462,
     "n": 20
    },
    "A5-risp-erm": {
     "mean": 0.03214147557689178,
     "ci95": 0.0006957961875529838,
     "n": 20
    },
    "A6-risp-inv": {
     "mean": 0.030717997153885256,
     "ci95": 0.0006628605067218249,
     "n": 20
    },
    "A9-oracle-pinned": {
     "mean": 0.0320999429947128,
     "ci95": 0.0007707134239865939,
     "n": 20
    }
   },
   "overall": {
    "A1-monolith-erm": {
     "mean": 0.027273293106464046,
     "ci95": 0.0006072628406752514,
     "n": 20
    },
    "A2-router": {
     "mean": 0.027495831319546922,
     "ci95": 0.0006966585966878664,
     "n": 20
    },
    "A4-randomfixed": {
     "mean": 0.02724304573532312,
     "ci95": 0.0006299108202679592,
     "n": 20
    },
    "A5-risp-erm": {
     "mean": 0.02749966163249386,
     "ci95": 0.0006449774623038043,
     "n": 20
    },
    "A6-risp-inv": {
     "mean": 0.026016511393010526,
     "ci95": 0.0005872285030447526,
     "n": 20
    },
    "A9-oracle-pinned": {
     "mean": 0.027364655186026758,
     "ci95": 0.0006621142047071601,
     "n": 20
    }
   }
  }
 },
 "soft": {
  "1": {
   "post_react": {
    "A1-monolith-erm": {
     "mean": 0.03276297351944209,
     "ci95": 0.0007875878084208004,
     "n": 20
    },
    "A2-router": {
     "mean": 0.032846359449053314,
     "ci95": 0.000667548838016939,
     "n": 20
    },
    "A4-randomfixed": {
     "mean": 0.036670813337125095,
     "ci95": 0.0016320174393813398,
     "n": 20
    },
    "A5-risp-erm": {
     "mean": 0.03214147557689178,
     "ci95": 0.0006957961875529838,
     "n": 20
    },
    "A6-risp-inv": {
     "mean": 0.030717997153885256,
     "ci95": 0.0006628605067218249,
     "n": 20
    },
    "A9-oracle-pinned": {
     "mean": 0.0320999429947128,
     "ci95": 0.0007707134239865939,
     "n": 20
    }
   },
   "overall": {
    "A1-monolith-erm": {
     "mean": 0.027526276729400556,
     "ci95": 0.0006171624730096591,
     "n": 20
    },
    "A2-router": {
     "mean": 0.027452518254882374,
     "ci95": 0.0006763255076406089,
     "n": 20
    },
    "A4-randomfixed": {
     "mean": 0.03256022072230356,
     "ci95": 0.0014432870747229315,
     "n": 20
    },
    "A5-risp-erm": {
     "mean": 0.02749966163249386,
     "ci95": 0.0006449774623038043,
     "n": 20
    },
    "A6-risp-inv": {
     "mean": 0.026016511393010526,
     "ci95": 0.0005872285030447526,
     "n": 20
    },
    "A9-oracle-pinned": {
     "mean": 0.027364655186026758,
     "ci95": 0.0006621142047071601,
     "n": 20
    }
   }
  },
  "2": {
   "post_react": {
    "A1-monolith-erm": {
     "mean": 0.03277386443689536,
     "ci95": 0.0007858813571616808,
     "n": 20
    },
    "A2-router": {
     "mean": 0.03253597837071003,
     "ci95": 0.0007729457657288024,
     "n": 20
    },
    "A4-randomfixed": {
     "mean": 0.03318459324598909,
     "ci95": 0.0011719800443781001,
     "n": 20
    },
    "A5-risp-erm": {
     "mean": 0.03214147557689178,
     "ci95": 0.0006957961875529838,
     "n": 20
    },
    "A6-risp-inv": {
     "mean": 0.030717997153885256,
     "ci95": 0.0006628605067218249,
     "n": 20
    },
    "A9-oracle-pinned": {
     "mean": 0.0320999429947128,
     "ci95": 0.0007707134239865939,
     "n": 20
    }
   },
   "overall": {
    "A1-monolith-erm": {
     "mean": 0.027544046715827976,
     "ci95": 0.0006187982382797856,
     "n": 20
    },
    "A2-router": {
     "mean": 0.027459085575325448,