{
 "config": {
  "seeds": 20,
  "K": 2,
  "het": 1.0,
  "memory": "soft",
  "probe": 15,
  "min_dormancy": 90
 },
 "post_react": {
  "A1-monolith-erm": {
   "mean": 0.03277386443689536,
   "ci95": 0.0007858813571616808,
   "n": 20
  },
  "A2-router": {
   "mean": 0.03253597837071003,
   "ci95": 0.0007729457657288024,
   "n": 20
  },
  "A4-randomfixed": {
   "mean": 0.03318459324598909,
   "ci95": 0.0011719800443781001,
   "n": 20
  },
  "A5-risp-erm": {
   "mean": 0.03214147557689178,
   "ci95": 0.0006957961875529838,
   "n": 20
  },
  "A6-risp-inv": {
   "mean": 0.030717997153885256,
   "ci95": 0.0006628605067218249,
   "n": 20
  },
  "A9-oracle-pinned": {
   "mean": 0.0320999429947128,
   "ci95": 0.0007707134239865939,
   "n": 20
  }
 },
 "overall": {
  "A1-monolith-erm": {
   "mean": 0.027544046715827976,
   "ci95": 0.0006187982382797856,
   "n": 20
  },
  "A2-router": {
   "mean": 0.027459085575325448,
   "ci95": 0.0006460309602491881,
   "n": 20
  },
  "A4-randomfixed": {
   "mean": 0.0282854695179967,
   "ci95": 0.0011346955919893924,
   "n": 20
  },
  "A5-risp-erm": {
   "mean": 0.02749966163249386,
   "ci95": 0.0006449774623038043,
   "n": 20
  },
  "A6-risp-inv": {
   "mean": 0.026016511393010526,
   "ci95": 0.0005872285030447526,
   "n": 20
  },
  "A9-oracle-pinned": {
   "mean": 0.027364655186026758,
   "ci95": 0.0006621142047071601,
   "n": 20
  }
 },
 "steady": {
  "A1-monolith-erm": {
   "mean": 0.026261653613371218,
   "ci95": 0.0007916420228103835,
   "n": 20
  },
  "A2-router": {
   "mean": 0.0262716258067969,
   "ci95": 0.0008754596855499481,
   "n": 20
  },
  "A4-randomfixed": {
   "mean": 0.027126437114615258,
   "ci95": 0.0012637161428331219,
   "n": 20
  },
  "A5-risp-erm": {
   "mean": 0.02644152916440845,
   "ci95": 0.0008388043586601907,
   "n": 20
  },
  "A6-risp-inv": {
   "mean": 0.02506796748629484,
   "ci95": 0.0007362638990010998,
   "n": 20
  },
  "A9-oracle-pinned": {
   "mean": 0.026239326908606142,
   "ci95": 0.0008782118127089631,
   "n": 20
  }
 },
 "raw": {
  "A1-monolith-erm": {
   "overall": [
    0.02847380073831643,
    0.025342839875308606,
    0.027910670862918305,
    0.02656911597993878,
    0.02869438891014933,
    0.026570611881458452,
    0.02840927713824256,
    0.026387596821986364,
    0.027099596509970684,
    0.027111567165885708,
    0.02743776813579962,
    0.028084975235810435,
    0.029697686073032536,
    0.027185567531684843,
    0.02520237492816312,
    0.030787259809285785,
    0.026526695090687186,
    0.026691871700770847,
    0.027296963399263574,
    0.02940030652788627
   ],
   "post_react": [
    0.03147658086098346,
    0.03402254662856587,
    0.03263607120807058,
    0.032607110823805685,
    0.03211642917240155,
    0.031636975707837904,
    0.03380525846162927,
    0.034418632168013184,
    0.03422740828228209,
    0.03083608004739881,
    0.029326349661054612,
    0.029080958865222235,
    0.035258156427977666,
    0.03482964619057383,
    0.03443177714533561,
    0.03256392127685374,
    0.033029434889284316,
    0.03264749543099996,
    0.031370109526900995,
    0.035156345962715815
   ],
   "steady": [
    0.027510825899505383,
    0.02343849291888683,
    0.026585978139976922,
    0.024403859941720937,
    0.028198195995926833,
    0.025586700431040665,
    0.027303408862591926,
    0.024620415753749885,
    0.025261348991365968,
    0.02598767427915546,
    0.02710380162911801,
    0.027396591450574968,
    0.02835147529859177,
    0.02524104651857621,
    0.023282147822676874,
    0.029995388714102948,
    0.024824377694575486,
    0.024935802840763507,
    0.026554408599813388,
    0.028651130484710317
   ]
  },
  "A2-router": {
   "overall": [
    0.028893624573323395,
    0.025765039088829347,
    0.02817367557251272,
    0.026100680804350972,
    0.028762743081854412,
    0.026401103821813463,
    0.02800129777161779,
    0.025878669212876414,
    0.028360303008783658,
    0.02815711643709326,
    0.028170760504968393,
    0.02899579356963431,
    0.02830122637918993,
    0.02660129805490091,
    0.024198614768876227,
    0.030524266646872564,
    0.02714981281152686,
    0.026003623896970397,
    0.026860358227038934,
    0.027881703273475104
   ],
   "post_react": [
    0.030795978275519487,
    0.036157136246124266,
    0.033624045528923896,
    0.031215400571750776,
    0.03270979270950361,
    0.0318325571652537,
    0.033261715654097045,
    0.0339650919527777,
    0.0357042325832471,
    0.03304891149184246,
    0.029562360221533163,
    0.030605305802639024,
    0.03098729955413847,
    0.03330225187123686,
    0.032501510390070584,
    0.02997250995361351,
    0.03419525933330768,
    0.032052287050288675,
    0.033481084986661205,
    0.03174483607167144
   ],
   "steady": [
    0.02856654013792868,
    0.024008313991039358,
    0.027240002982479895,
    0.024478490158678947,
    0.027936363964644786,
    0.02522146059971684,
    0.026496925555515385,
    0.024084638106239103,
    0.026600056220698515,
    0.02706381307980125,
    0.02779871824888471,
    0.028518082006280084,
    0.027659812921158194,
    0.024762680383111614,
    0.022558029995649997,
    0.0306770994242174,
    0.025570409256507085,
    0.024020014687871426,
    0.025244359947916534,
    0.026926704467598175
   ]
  },
  "A4-randomfixed": {
   "overall": [
    0.032627644633858956,
    0.030676280615951762,
    0.028060805815524503,
    0.026284038200351502,
    0.028687550339821878,
    0.02602684248179873,
    0.028225723839370307,
    0.02621799771067578,
    0.026887568113472045,
    0.02695020974842591,
    0.028222569417469368,
    0.028755527262531107,
    0.029997033466326463,
    0.026388785135041358,
    0.024638042363129626,
    0.03409024740054109,
    0.026551193648772894,
    0.026408763420324166,
    0.026903760824735095,
    0.033108805921811486
   ],
   "post_react": [
    0.03451484200901454,
    0.040709398783638544,
    0.032903855114053866,
    0.0316283791778232,
    0.0325925954360082,
    0.030041449158570214,
    0.03182004972082197,
    0.03449378941541371,
    0.03425680160222475,
    0.030982010962943448,
    0.030019568420277067,
    0.028958974547882824,
    0.035605585516673054,
    0.03466321146706728,
    0.032379332928279644,
    0.03360508348384674,
    0.03400080462331332,
    0.03212198586047646,
    0.03149752676975175,
    0.03689661992170126
   ],
   "steady": [
    0.03178468810545619,
    0.028481340364583888,
    0.027311444914490935,
    0.02505089174637864,
    0.02808339676901568,
    0.025484237800761304,
    0.02721540048487808,
    0.02403531284804615,
    0.02497962026719916,
    0.02594876784219082,
    0.02777637909815591,
    0.02807276104083298,
    0.02931973434513274,
    0.024199418089749788,
    0.023016554604729993,
    0.03378669074064653,
    0.024792538220610782,
    0.024928111138362477,
    0.026244560745251867,
    0.03201689312583137
   ]
  },
  "A5-risp-erm": {
   "overall": [
    0.028707166650820695,
    0.025635821630839477,
    0.028545352313830548,
    0.026170937642740984,
    0.028046467952511207,
    0.02688946713777598,
    0.028632451953854544,
    0.02629767847238956,
    0.027292472585069765,
    0.02697549531052944,
    0.02840434495268033,
    0.028914423786762736,
    0.029299151814248137,
    0.026839882619707635,
    0.02481008972795495,
    0.03070796508243612,
    0.026056158858049763,
    0.026343860236644534,
    0.026684664158201622,
    0.028739379762829274
   ],
   "post_react": [
    0.03214860106150707,
    0.03504876206034706,
    0.03198344289157629,
    0.0308109336682797,
    0.03051646843055737,
    0.03155802464296128,
    0.03275407117316662,
    0.034416485690460526,
    0.033131086481143664,
    0.03048514535870833,
    0.029712475541778884,
    0.02875776290859438,
    0.03349150454002524,
    0.03368426857058664,
    0.032747922998246325,
    0.030864804623949145,
    0.032498007199625034,
    0.03251864225175529,
    0.03232065749251996,
    0.033380443952046805
   ],