{
 "config": {
  "seeds": 20,
  "K": 3,
  "het": 1.0,
  "memory": "hard",
  "probe": 15,
  "min_dormancy": 90
 },
 "post_react": {
  "A1-monolith-erm": {
   "mean": 0.03302719696286828,
   "ci95": 0.0008792210618393932,
   "n": 20
  },
  "A2-router": {
   "mean": 0.03275753888833894,
   "ci95": 0.0006435299512870874,
   "n": 20
  },
  "A4-randomfixed": {
   "mean": 0.03202148539803155,
   "ci95": 0.0007230027928184263,
   "n": 20
  },
  "A5-risp-erm": {
   "mean": 0.03214147557689178,
   "ci95": 0.0006957961875529838,
   "n": 20
  },
  "A6-risp-inv": {
   "mean": 0.030717997153885256,
   "ci95": 0.0006628605067218249,
   "n": 20
  },
  "A9-oracle-pinned": {
   "mean": 0.0320999429947128,
   "ci95": 0.0007707134239865939,
   "n": 20
  }
 },
 "overall": {
  "A1-monolith-erm": {
   "mean": 0.027081374754906306,
   "ci95": 0.0005838681787252082,
   "n": 20
  },
  "A2-router": {
   "mean": 0.027301377736354354,
   "ci95": 0.0005946231898397496,
   "n": 20
  },
  "A4-randomfixed": {
   "mean": 0.027397053807021676,
   "ci95": 0.0006381430174214149,
   "n": 20
  },
  "A5-risp-erm": {
   "mean": 0.02749966163249386,
   "ci95": 0.0006449774623038043,
   "n": 20
  },
  "A6-risp-inv": {
   "mean": 0.026016511393010526,
   "ci95": 0.0005872285030447526,
   "n": 20
  },
  "A9-oracle-pinned": {
   "mean": 0.027364655186026758,
   "ci95": 0.0006621142047071601,
   "n": 20
  }
 },
 "steady": {
  "A1-monolith-erm": {
   "mean": 0.025505292200081388,
   "ci95": 0.0007098383594469743,
   "n": 20
  },
  "A2-router": {
   "mean": 0.025866909013030202,
   "ci95": 0.0007617554314563051,
   "n": 20
  },
  "A4-randomfixed": {
   "mean": 0.026289247667417304,
   "ci95": 0.0008015558859669221,
   "n": 20
  },
  "A5-risp-erm": {
   "mean": 0.02644152916440845,
   "ci95": 0.0008388043586601907,
   "n": 20
  },
  "A6-risp-inv": {
   "mean": 0.02506796748629484,
   "ci95": 0.0007362638990010998,
   "n": 20
  },
  "A9-oracle-pinned": {
   "mean": 0.026239326908606142,
   "ci95": 0.0008782118127089631,
   "n": 20
  }
 },
 "raw": {
  "A1-monolith-erm": {
   "overall": [
    0.02735081581284572,
    0.025289576504159313,
    0.028704874937971497,
    0.025948433326604865,
    0.02856539882105316,
    0.02618089330022602,
    0.02810362097968798,
    0.0267533607581132,
    0.025848599053026923,
    0.026848186687151967,
    0.026709015600054523,
    0.02910234575099572,
    0.027634890343204415,
    0.02703383627354088,
    0.024661263855568504,
    0.029966440621492903,
    0.02715736360243985,
    0.025668694533995295,
    0.026872262377597062,
    0.027227621958396328
   ],
   "post_react": [
    0.03126462914774254,
    0.035483243590702804,
    0.0366060885322458,
    0.03242344041957998,
    0.03146769493738887,
    0.030858863957414998,
    0.03529022097582177,
    0.03302531822574564,
    0.03286250334067494,
    0.031727420826608524,
    0.02958620795777087,
    0.03141175075071236,
    0.03411521446078347,
    0.03629717904250325,
    0.033723321739806605,
    0.032816668259698714,
    0.03536424531082187,
    0.03042971530072162,
    0.033631102833386634,
    0.032159109647234396
   ],
   "steady": [
    0.025828832715303035,
    0.0228915969619415,
    0.027353592534803718,
    0.023984961858937597,
    0.02782368202584391,
    0.02526345272856715,
    0.02630441370047411,
    0.02507892482579139,
    0.02388254548867135,
    0.025892687121711316,
    0.025831493652121392,
    0.027988856575766326,
    0.026088041943653436,
    0.02487124745700526,
    0.022589201744802577,
    0.028538600714035817,
    0.0251694312373093,
    0.024028229919784833,
    0.02461457496267071,
    0.026081475832433035
   ]
  },
  "A2-router": {
   "overall": [
    0.027722075162700945,
    0.025909592673632003,
    0.02829240931950269,
    0.026967610766240185,
    0.02793883300090459,
    0.02597129034371915,
    0.027985890562258257,
    0.02627813052544584,
    0.027137338332341783,
    0.02704713333152121,
    0.02791542467862932,
    0.02837518753720335,
    0.026970684718302503,
    0.027170343838600224,
    0.02489926257507387,
    0.03139565421570818,
    0.02647745880566259,
    0.026232026563293088,
    0.026748742693609457,
    0.028592465082737835
   ],
   "post_react": [
    0.032208518263285975,
    0.03471535659717252,
    0.03296949202924248,
    0.03140879322570866,
    0.033196009592284526,
    0.03217289887774145,
    0.03226807701722565,
    0.032957801387892297,
    0.03330749195384296,
    0.03117959140093408,
    0.030634043789924497,
    0.03068738589145514,
    0.03501974218693497,
    0.03528707595284011,
    0.03324333535470149,
    0.032873733563547294,
    0.03505874827163334,
    0.03050736679433163,
    0.032259151468230766,
    0.03319616414784892
   ],
   "steady": [
    0.026374908686357848,
    0.02356458705906599,
    0.027576201608398545,
    0.025627424765216157,
    0.026927699630322578,
    0.02458219052353659,
    0.026971960300803878,
    0.024654668835982208,
    0.02530488368666554,
    0.02566107657611569,
    0.027086275900400966,
    0.027338410802873046,
    0.025024569985295852,
    0.025113918015432807,
    0.02287740985623315,
    0.03067673150434904,
    0.024345323147476814,
    0.02479859868423548,
    0.025421358463046054,
    0.027409982228795742
   ]
  },
  "A4-randomfixed": {
   "overall": [
    0.028496116540836572,
    0.0253728593506702,
    0.02833423050011033,
    0.026178699824714994,
    0.028354945800728736,
    0.02582091973429928,
    0.02788652288486074,
    0.026858182915296316,
    0.027344007871311943,
    0.027522544209264435,
    0.027898212011215222,
    0.027782703063151986,
    0.029780659991980853,
    0.026450374620733554,
    0.025096602226481527,
    0.0311957543320474,
    0.026841430115830442,
    0.026626766455770983,
    0.026409355151135985,
    0.027690188539992007
   ],
   "post_react": [
    0.03144890264524251,
    0.03378669077602546,
    0.03200405825766147,
    0.031673448788901534,
    0.032045573166865196,
    0.03039148825717989,
    0.03350070006634606,
    0.03368401517869694,
    0.03365111732456631,
    0.029407926190523404,
    0.029222039226842186,
    0.028186430683363014,
    0.033546111044813975,
    0.03376441191932319,
    0.03311392105080493,
    0.03160787228447075,
    0.032643166904278334,
    0.03290909881922088,
    0.031382682532635514,
    0.03246005284286931
   ],
   "steady": [
    0.027610554622209068,
    0.02424348145581594,
    0.02796399157196058,
    0.02438622936797966,
    0.027263623664420256,
    0.024516386652595173,
    0.026388912837628623,
    0.02546782134616841,
    0.025692452737184575,
    0.027397394342351843,
    0.027799504591626282,
    0.027340210732763378,
    0.028871218449947934,
    0.02467559453899343,
    0.02342052634355887,
    0.03083318625216454,
    0.025119337896724107,
    0.025286118319267383,
    0.025333121099430797,
    0.02617528652555519
   ]
  },
  "A5-risp-erm": {
   "overall": [
    0.028707166650820695,
    0.025635821630839477,
    0.028545352313830548,
    0.026170937642740984,
    0.028046467952511207,
    0.02688946713777598,
    0.028632451953854544,
    0.02629767847238956,
    0.027292472585069765,
    0.02697549531052944,
    0.02840434495268033,
    0.028914423786762736,
    0.029299151814248137,
    0.026839882619707635,
    0.02481008972795495,
    0.03070796508243612,
    0.026056158858049763,
    0.026343860236644534,
    0.026684664158201622,
    0.028739379762829274
   ],
   "post_react": [
    0.03214860106150707,
    0.03504876206034706,
    0.03198344289157629,
    0.0308109336682797,
    0.03051646843055737,
    0.03155802464296128,
    0.03275407117316662,
    0.034416485690460526,
    0.033131086481143664,
    0.03048514535870833,
    0.029712475541778884,
    0.02875776290859438,
    0.03349150454002524,
    0.03368426857058664,
    0.032747922998246325,
    0.030864804623949145,
    0.032498007199625034,
    0.03251864225175529,
    0.03232065749251996,
    0.033380443952046805
   ],