{
 "config": {
  "seeds": 20,
  "K": 4,
  "het": 1.0,
  "memory": "hard",
  "probe": 15,
  "min_dormancy": 90
 },
 "post_react": {
  "A1-monolith-erm": {
   "mean": 0.03220968555638869,
   "ci95": 0.0008177476336705918,
   "n": 20
  },
  "A2-router": {
   "mean": 0.032281451169515744,
   "ci95": 0.00068456015640996,
   "n": 20
  },
  "A4-randomfixed": {
   "mean": 0.032056068895303616,
   "ci95": 0.0007780073857179462,
   "n": 20
  },
  "A5-risp-erm": {
   "mean": 0.03214147557689178,
   "ci95": 0.0006957961875529838,
   "n": 20
  },
  "A6-risp-inv": {
   "mean": 0.030717997153885256,
   "ci95": 0.0006628605067218249,
   "n": 20
  },
  "A9-oracle-pinned": {
   "mean": 0.0320999429947128,
   "ci95": 0.0007707134239865939,
   "n": 20
  }
 },
 "overall": {
  "A1-monolith-erm": {
   "mean": 0.027273293106464046,
   "ci95": 0.0006072628406752514,
   "n": 20
  },
  "A2-router": {
   "mean": 0.027495831319546922,
   "ci95": 0.0006966585966878664,
   "n": 20
  },
  "A4-randomfixed": {
   "mean": 0.02724304573532312,
   "ci95": 0.0006299108202679592,
   "n": 20
  },
  "A5-risp-erm": {
   "mean": 0.02749966163249386,
   "ci95": 0.0006449774623038043,
   "n": 20
  },
  "A6-risp-inv": {
   "mean": 0.026016511393010526,
   "ci95": 0.0005872285030447526,
   "n": 20
  },
  "A9-oracle-pinned": {
   "mean": 0.027364655186026758,
   "ci95": 0.0006621142047071601,
   "n": 20
  }
 },
 "steady": {
  "A1-monolith-erm": {
   "mean": 0.026197179576249056,
   "ci95": 0.0008040417141107889,
   "n": 20
  },
  "A2-router": {
   "mean": 0.02644793325032404,
   "ci95": 0.0009093896781534537,
   "n": 20
  },
  "A4-randomfixed": {
   "mean": 0.02613003940945305,
   "ci95": 0.0008100288193039927,
   "n": 20
  },
  "A5-risp-erm": {
   "mean": 0.02644152916440845,
   "ci95": 0.0008388043586601907,
   "n": 20
  },
  "A6-risp-inv": {
   "mean": 0.02506796748629484,
   "ci95": 0.0007362638990010998,
   "n": 20
  },
  "A9-oracle-pinned": {
   "mean": 0.026239326908606142,
   "ci95": 0.0008782118127089631,
   "n": 20
  }
 },
 "raw": {
  "A1-monolith-erm": {
   "overall": [
    0.02792778047336945,
    0.02511959849325962,
    0.02764784074608518,
    0.026512277845952986,
    0.028304371840486613,
    0.026355320139914557,
    0.027992737283142027,
    0.02641087381714177,
    0.026772022401429153,
    0.0273325809982917,
    0.027380763512655053,
    0.027888485802621682,
    0.02953273744356055,
    0.027160808130712425,
    0.024644022652306568,
    0.03016299572122882,
    0.02615149961965774,
    0.026163728535345824,
    0.026789344882747857,
    0.02921607178937139
   ],
   "post_react": [
    0.030419746040177158,
    0.03394647303133048,
    0.03251025251963357,
    0.03285221264041015,
    0.03152222581459807,
    0.03186819205134018,
    0.03152378875866295,
    0.03443305972295354,
    0.0328510108167961,
    0.031000641336480683,
    0.029450176408966692,
    0.02841367983897985,
    0.0354521794674959,
    0.03485078190698799,
    0.03376036446606025,
    0.03150220905251319,
    0.032412404384926964,
    0.031521264895800434,
    0.029892375059956174,
    0.03401067291370339
   ],
   "steady": [
    0.0272598838342652,
    0.02337936551633076,
    0.026773025723397455,
    0.024228989846981564,
    0.027825233419810486,
    0.02529639294647427,
    0.027579572951322635,
    0.02471003205720154,
    0.02536669803003902,
    0.026408747392893124,
    0.027196873109212073,
    0.02753616681296704,
    0.028360283408022782,
    0.025614696484145695,
    0.022796497428533225,
    0.029655468030194403,
    0.024533897780775346,
    0.024491543049229618,
    0.02643350688906825,
    0.02849671681411669
   ]
  },
  "A2-router": {
   "overall": [
    0.028480389035180454,
    0.025329282319260824,
    0.028407949137148274,
    0.02651669504069251,
    0.028096564401595,
    0.026928503329833108,
    0.027864851310520803,
    0.026069427736849834,
    0.027126714564643502,
    0.02730212261517059,
    0.028289872980434293,
    0.028808713881289864,
    0.029549628502551547,
    0.026821668133800197,
    0.024596198282693566,
    0.03174781147445898,
    0.0262428617642822,
    0.02619813243813162,
    0.027217955065476772,
    0.02832128437692448
   ],
   "post_react": [
    0.031951383823579746,
    0.03441916113087876,
    0.03354391931057419,
    0.031566271408110295,
    0.030772039587196563,
    0.03152281184537985,
    0.032789881986572324,
    0.03426167579000749,
    0.032047329110399335,
    0.03129897102391454,
    0.030079954932540686,
    0.029248325303065918,
    0.03512075530706469,
    0.03350316088269075,
    0.03354939577999493,
    0.030449530471014553,
    0.03182211360449539,
    0.032484890892339954,
    0.03371654268885631,
    0.031480908511638636
   ],
   "steady": [
    0.02766439185018188,
    0.023994406691411868,
    0.02768469568195479,
    0.024815321608749316,
    0.02779824681815946,
    0.025770049096898985,
    0.026446891950811784,
    0.024334322189138207,
    0.025962366199955997,
    0.026755527386850515,
    0.02803052690070516,
    0.028564484902277372,
    0.02811071445854481,
    0.025719373189437948,
    0.022700138177776608,
    0.03204926659662875,
    0.02503571514013974,
    0.02451594627434205,
    0.025610313755057405,
    0.027395966137458143
   ]
  },
  "A4-randomfixed": {
   "overall": [
    0.02803000196548878,
    0.025595675198616344,
    0.027722783518782414,
    0.025425918291937983,
    0.028362811082277877,
    0.02630099307248557,
    0.028623592572287724,
    0.026294762134527954,
    0.027107280210093898,
    0.027114194657458297,
    0.027362908963262475,
    0.027765908244082236,
    0.02932618284240411,
    0.02607183104764402,
    0.024974683468125196,
    0.030672858975097382,
    0.02684043130144165,
    0.026106346929201704,
    0.02639515737647767,
    0.02876659285476913
   ],
   "post_react": [
    0.03072533800764284,
    0.03537477188432551,
    0.03141794110262778,
    0.03002648914785296,
    0.030410724988908865,
    0.031804653606947016,
    0.032092959478201205,
    0.03280494084489254,
    0.03294873645587224,
    0.030207222735371606,
    0.029085984742669786,
    0.02975351458646344,
    0.03529543681991667,
    0.03432388470932964,
    0.03361774502949769,
    0.03113433274131757,
    0.03282544443010266,
    0.03164048718998856,
    0.032972832137166286,
    0.03265793726697736
   ],
   "steady": [
    0.02759166521240357,
    0.023653062018042226,
    0.027401199540837713,
    0.024063860008392553,
    0.027819722609799553,
    0.024954805606588346,
    0.02770187276173746,
    0.024739216711164816,
    0.025621193719175664,
    0.02622183407883997,
    0.02709715446928863,
    0.026958088070448666,
    0.0276782090944333,
    0.024411653011537707,
    0.023297097288571107,
    0.030366075780106676,
    0.025458034234863845,
    0.02434540831424251,
    0.025061000446482105,
    0.028159635212104506
   ]
  },
  "A5-risp-erm": {
   "overall": [
    0.028707166650820695,
    0.025635821630839477,
    0.028545352313830548,
    0.026170937642740984,
    0.028046467952511207,
    0.02688946713777598,
    0.028632451953854544,
    0.02629767847238956,
    0.027292472585069765,
    0.02697549531052944,
    0.02840434495268033,
    0.028914423786762736,
    0.029299151814248137,
    0.026839882619707635,
    0.02481008972795495,
    0.03070796508243612,
    0.026056158858049763,
    0.026343860236644534,
    0.026684664158201622,
    0.028739379762829274
   ],
   "post_react": [
    0.03214860106150707,
    0.03504876206034706,
    0.03198344289157629,
    0.0308109336682797,
    0.03051646843055737,
    0.03155802464296128,
    0.03275407117316662,
    0.034416485690460526,
    0.033131086481143664,
    0.03048514535870833,
    0.029712475541778884,
    0.02875776290859438,
    0.03349150454002524,
    0.03368426857058664,
    0.032747922998246325,
    0.030864804623949145,
    0.032498007199625034,
    0.03251864225175529,
    0.03232065749251996,
    0.033380443952046805
   ],