{
 "config": {
  "seeds": 20,
  "K": 3,
  "het": 1.0,
  "memory": "soft",
  "probe": 15,
  "min_dormancy": 90
 },
 "post_react": {
  "A1-monolith-erm": {
   "mean": 0.03278765181835004,
   "ci95": 0.0007857918848877146,
   "n": 20
  },
  "A2-router": {
   "mean": 0.0326539718315698,
   "ci95": 0.0005628013011293553,
   "n": 20
  },
  "A4-randomfixed": {
   "mean": 0.03239147821410966,
   "ci95": 0.0007134425948285545,
   "n": 20
  },
  "A5-risp-erm": {
   "mean": 0.03214147557689178,
   "ci95": 0.0006957961875529838,
   "n": 20
  },
  "A6-risp-inv": {
   "mean": 0.030717997153885256,
   "ci95": 0.0006628605067218249,
   "n": 20
  },
  "A9-oracle-pinned": {
   "mean": 0.0320999429947128,
   "ci95": 0.0007707134239865939,
   "n": 20
  }
 },
 "overall": {
  "A1-monolith-erm": {
   "mean": 0.027525069150903064,
   "ci95": 0.0006304391768076289,
   "n": 20
  },
  "A2-router": {
   "mean": 0.02754962106945385,
   "ci95": 0.0006844992899231228,
   "n": 20
  },
  "A4-randomfixed": {
   "mean": 0.027563760984052478,
   "ci95": 0.0006331958540727922,
   "n": 20
  },
  "A5-risp-erm": {
   "mean": 0.02749966163249386,
   "ci95": 0.0006449774623038043,
   "n": 20
  },
  "A6-risp-inv": {
   "mean": 0.026016511393010526,
   "ci95": 0.0005872285030447526,
   "n": 20
  },
  "A9-oracle-pinned": {
   "mean": 0.027364655186026758,
   "ci95": 0.0006621142047071601,
   "n": 20
  }
 },
 "steady": {
  "A1-monolith-erm": {
   "mean": 0.026223799255000506,
   "ci95": 0.0008053878338603005,
   "n": 20
  },
  "A2-router": {
   "mean": 0.026341309088680775,
   "ci95": 0.0008545844912520577,
   "n": 20
  },
  "A4-randomfixed": {
   "mean": 0.026356746497616167,
   "ci95": 0.000797874884727349,
   "n": 20
  },
  "A5-risp-erm": {
   "mean": 0.02644152916440845,
   "ci95": 0.0008388043586601907,
   "n": 20
  },
  "A6-risp-inv": {
   "mean": 0.02506796748629484,
   "ci95": 0.0007362638990010998,
   "n": 20
  },
  "A9-oracle-pinned": {
   "mean": 0.026239326908606142,
   "ci95": 0.0008782118127089631,
   "n": 20
  }
 },
 "raw": {
  "A1-monolith-erm": {
   "overall": [
    0.028382108672655258,
    0.02536510937642443,
    0.027894383237015423,
    0.02641495183421214,
    0.02868524914271022,
    0.026548505743823256,
    0.028463799438229142,
    0.026409625229004047,
    0.027077219493745593,
    0.02716722761763962,
    0.027379421722103458,
    0.027928003167114617,
    0.0298543758408052,
    0.02720402683359496,
    0.02513773861326982,
    0.030787606520789764,
    0.026465457084223362,
    0.026706400769538563,
    0.027154167170294025,
    0.029476005510868333
   ],
   "post_react": [
    0.031482942730751716,
    0.03405199620821346,
    0.032777835181159405,
    0.03272225823576753,
    0.032085233616699904,
    0.03158676333483399,
    0.033773609974770094,
    0.03441832608235502,
    0.034223345720377926,
    0.031012782505927303,
    0.029271015541238617,
    0.029030995612078843,
    0.0352324906016213,
    0.0347851195719798,
    0.03442058442046625,
    0.03251684657017783,
    0.0331759842468095,
    0.03265725407964864,
    0.03136810479077344,
    0.035159547341350426
   ],
   "steady": [
    0.027379135722423422,
    0.02339120120858156,
    0.02648542394178499,
    0.02414074215657942,
    0.02823259799432639,
    0.025526415083863035,
    0.027357228124189375,
    0.02460582940823157,
    0.025265957342864027,
    0.026051917307666227,
    0.027047248021848085,
    0.02720189715693456,
    0.028545462656881043,
    0.025328299870693485,
    0.023200510367904895,
    0.02995345555938684,
    0.024718028255282534,
    0.02495483716778468,
    0.02636595166901,
    0.028723846083774013
   ]
  },
  "A2-router": {
   "overall": [
    0.02874259649589866,
    0.025545389639951798,
    0.028338292691152747,
    0.02614155826840277,
    0.02897639805002138,
    0.02653967263021457,
    0.028195948949915502,
    0.026037700563097173,
    0.02738215488389367,
    0.027905806193828545,
    0.028373746874235998,
    0.028893537575320066,
    0.028975459097693754,
    0.027851481095132354,
    0.02419908283632327,
    0.03116297364274806,
    0.02662523229827178,
    0.02601610876011883,
    0.027164195463969774,
    0.027925085378886275
   ],
   "post_react": [
    0.03172360607750511,
    0.032340730764159144,
    0.03367264934363629,
    0.031827816298693364,
    0.03250981891331093,
    0.031772747220343275,
    0.03322041109504287,
    0.03442098611397557,
    0.034040982902855337,
    0.03300946159635855,
    0.029642181490517165,
    0.030973312337524,
    0.03283793735335032,
    0.034815109647952536,
    0.03249988807049746,
    0.031648109149774006,
    0.034148464664683346,
    0.032384988064982405,
    0.03388503256605522,
    0.03170520296017924
   ],
   "steady": [
    0.027558211001472932,
    0.024251179668110735,
    0.02746176027092998,
    0.024615098946025916,
    0.028016563741794325,
    0.025296059715128424,
    0.026795197321109427,
    0.024223357446618864,
    0.025789001456110083,
    0.026925381230025157,
    0.028068138840251246,
    0.02834524746634655,
    0.02794039141425737,
    0.026416223710571736,
    0.022554638915951237,
    0.030963333606574495,
    0.02484648860681085,
    0.024219956947388568,
    0.02559476957298254,
    0.02694518189515507
   ]
  },
  "A4-randomfixed": {
   "overall": [
    0.028528764707998023,
    0.025627598245751074,
    0.028848498820895015,
    0.026277890519866152,
    0.028438724244569603,
    0.02623914335050676,
    0.028105125381511612,
    0.02672755977131529,
    0.027671142624120383,
    0.027568022324810156,
    0.028058856983505766,
    0.028381352485570874,
    0.029603477715247392,
    0.026244932567838077,
    0.025050607716422927,
    0.03125769963018386,
    0.02707996434087525,
    0.0265381494797612,
    0.027306297978559463,
    0.027721410791740734
   ],
   "post_react": [
    0.03090398772800768,
    0.034873623956198835,
    0.03437995833441278,
    0.03164232815605438,
    0.03255858451525927,
    0.03020364779588993,
    0.03329459244625801,
    0.03336872653911533,
    0.03501995330995356,
    0.030594218295964825,
    0.029675872496613697,
    0.029559483382879462,
    0.033710347753452954,
    0.03337592155477491,
    0.0322199083736001,
    0.03137139395621238,
    0.033171709632557236,
    0.03264411357551256,
    0.03200789733003587,
    0.033253295149439505
   ],
   "steady": [
    0.027845691342425535,
    0.024018422531887282,
    0.028103371450687576,
    0.024303264934091028,
    0.027262213982623545,
    0.02511182349228288,
    0.02656886132980954,
    0.025615300362885493,
    0.025728631014648163,
    0.027124998941222195,
    0.027862019377433978,
    0.02754210503759693,
    0.028531188579174784,
    0.024461985691915326,
    0.023523285757847446,
    0.030974770382100777,
    0.0253829772254982,
    0.025103380687633195,
    0.02603233994486909,
    0.026038297885690443
   ]
  },
  "A5-risp-erm": {
   "overall": [
    0.028707166650820695,
    0.025635821630839477,
    0.028545352313830548,
    0.026170937642740984,
    0.028046467952511207,
    0.02688946713777598,
    0.028632451953854544,
    0.02629767847238956,
    0.027292472585069765,
    0.02697549531052944,
    0.02840434495268033,
    0.028914423786762736,
    0.029299151814248137,
    0.026839882619707635,
    0.02481008972795495,
    0.03070796508243612,
    0.026056158858049763,
    0.026343860236644534,
    0.026684664158201622,
    0.028739379762829274
   ],
   "post_react": [
    0.03214860106150707,
    0.03504876206034706,
    0.03198344289157629,
    0.0308109336682797,
    0.03051646843055737,
    0.03155802464296128,
    0.03275407117316662,
    0.034416485690460526,
    0.033131086481143664,
    0.03048514535870833,
    0.029712475541778884,
    0.02875776290859438,
    0.03349150454002524,
    0.03368426857058664,
    0.032747922998246325,
    0.030864804623949145,
    0.032498007199625034,
    0.03251864225175529,
    0.03232065749251996,
    0.033380443952046805
   ],