{
 "config": {
  "seeds": 20,
  "K": 2,
  "het": 1.0,
  "memory": "hard",
  "probe": 15,
  "min_dormancy": 90
 },
 "post_react": {
  "A1-monolith-erm": {
   "mean": 0.0342431540125039,
   "ci95": 0.000946702684306537,
   "n": 20
  },
  "A2-router": {
   "mean": 0.03408000508783588,
   "ci95": 0.0010975421934346558,
   "n": 20
  },
  "A4-randomfixed": {
   "mean": 0.0329470923400571,
   "ci95": 0.001256828436825529,
   "n": 20
  },
  "A5-risp-erm": {
   "mean": 0.03214147557689178,
   "ci95": 0.0006957961875529838,
   "n": 20
  },
  "A6-risp-inv": {
   "mean": 0.030717997153885256,
   "ci95": 0.0006628605067218249,
   "n": 20
  },
  "A9-oracle-pinned": {
   "mean": 0.0320999429947128,
   "ci95": 0.0007707134239865939,
   "n": 20
  }
 },
 "overall": {
  "A1-monolith-erm": {
   "mean": 0.02689955981840318,
   "ci95": 0.00044101723758312124,
   "n": 20
  },
  "A2-router": {
   "mean": 0.0269516897604205,
   "ci95": 0.0005165499745730088,
   "n": 20
  },
  "A4-randomfixed": {
   "mean": 0.028267938028956052,
   "ci95": 0.0011435640727181693,
   "n": 20
  },
  "A5-risp-erm": {
   "mean": 0.02749966163249386,
   "ci95": 0.0006449774623038043,
   "n": 20
  },
  "A6-risp-inv": {
   "mean": 0.026016511393010526,
   "ci95": 0.0005872285030447526,
   "n": 20
  },
  "A9-oracle-pinned": {
   "mean": 0.027364655186026758,
   "ci95": 0.0006621142047071601,
   "n": 20
  }
 },
 "steady": {
  "A1-monolith-erm": {
   "mean": 0.02458515478833178,
   "ci95": 0.0005753729545831734,
   "n": 20
  },
  "A2-router": {
   "mean": 0.02481045822808334,
   "ci95": 0.0006987389832407466,
   "n": 20
  },
  "A4-randomfixed": {
   "mean": 0.027172763896186464,
   "ci95": 0.0012437919779141235,
   "n": 20
  },
  "A5-risp-erm": {
   "mean": 0.02644152916440845,
   "ci95": 0.0008388043586601907,
   "n": 20
  },
  "A6-risp-inv": {
   "mean": 0.02506796748629484,
   "ci95": 0.0007362638990010998,
   "n": 20
  },
  "A9-oracle-pinned": {
   "mean": 0.026239326908606142,
   "ci95": 0.0008782118127089631,
   "n": 20
  }
 },
 "raw": {
  "A1-monolith-erm": {
   "overall": [
    0.02798369678698251,
    0.0269694816641956,
    0.027638779574289635,
    0.02595295156686572,
    0.02793069247093184,
    0.02625166702773201,
    0.02718192400783756,
    0.02576404070595351,
    0.02656394026247775,
    0.02701544986816182,
    0.026604659573837248,
    0.028387295272977925,
    0.02727825176416681,
    0.02675154637641758,
    0.026156871128628034,
    0.02939139582958713,
    0.026813125919550644,
    0.025342557109243418,
    0.026444898100861782,
    0.025567971357365122
   ],
   "post_react": [
    0.032034069190532435,
    0.03767033556031056,
    0.0372406383542972,
    0.034320365018417384,
    0.03267273205039669,
    0.034011448910963804,
    0.03393663802320155,
    0.03337322113709417,
    0.03503111140233592,
    0.03438419208847452,
    0.029955308558380515,
    0.03184489733290655,
    0.033861860939611785,
    0.03725155020464877,
    0.03592071577083099,
    0.033915455131939685,
    0.03749502820310519,
    0.030785854934384106,
    0.03448263688720266,
    0.03467502055104356
   ],
   "steady": [
    0.026437652378735195,
    0.02380567221200475,
    0.025269641383373724,
    0.022909699792722685,
    0.026486033823418232,
    0.02415275419300694,
    0.02519483612894744,
    0.023320171437479397,
    0.02351319857749324,
    0.02480695265803112,
    0.024947175792310632,
    0.02677082569626507,
    0.024741656494316203,
    0.023947542521777835,
    0.023866507524653927,
    0.027398097444657085,
    0.02398313007180041,
    0.02339445093371593,
    0.023401382743360236,
    0.02335571395856547
   ]
  },
  "A2-router": {
   "overall": [
    0.027826339974000695,
    0.026872798196700052,
    0.027655593671973098,
    0.02567828354129203,
    0.02926949991970028,
    0.025936184353802263,
    0.027412075646459103,
    0.02670103635914182,
    0.026155131627662687,
    0.026375452042431833,
    0.026584588249397252,
    0.028564960762745017,
    0.02766459483824041,
    0.027388163751236743,
    0.02567155016962232,
    0.0292959242185212,
    0.026914619548981725,
    0.02580383229976672,
    0.0261243702047886,
    0.025138795831946087
   ],
   "post_react": [
    0.031468680921424,
    0.03802123527500755,
    0.03623336861241228,
    0.031124835530841347,
    0.034350123312988236,
    0.03287463719114497,
    0.0316643106115199,
    0.0356189204019121,
    0.03502213080678854,
    0.034411199796915766,
    0.029936730231133336,
    0.0325612741165993,
    0.034382174306812334,
    0.03683884579264802,
    0.03612653727673293,
    0.03222091452431207,
    0.038552857882325015,
    0.03011650430272344,
    0.035447800324757014,
    0.03462702053771953
   ],
   "steady": [
    0.0263437760791756,
    0.023701602081934923,
    0.025809413582132814,
    0.023619609144061752,
    0.02809150712353189,
    0.024140785389331294,
    0.02623120897393809,
    0.023913929575000926,
    0.023040867411896475,
    0.024424098182663403,
    0.02500700852396024,
    0.02680719629167028,
    0.025250024341616842,
    0.024488600152857632,
    0.02298898273787236,
    0.027966356080140163,
    0.023887799632856296,
    0.02443767690616682,
    0.023182236244114487,
    0.02287648610674449
   ]
  },
  "A4-randomfixed": {
   "overall": [
    0.03271004446101979,
    0.0306632059196744,
    0.027910541074846185,
    0.026136225434485773,
    0.028515519791695792,
    0.026295551335051032,
    0.028246381954041385,
    0.02624123992883511,
    0.02701031748221963,
    0.026979680608148284,
    0.02805245199035271,
    0.02861946117071907,
    0.030426098410870378,
    0.026431944851964703,
    0.02472000679596292,
    0.034137684471377626,
    0.026492639371128994,
    0.02605086961364304,
    0.02673356761958768,
    0.0329853282934965
   ],
   "post_react": [
    0.03493425507069877,
    0.04050666066860342,
    0.03190063859688829,
    0.03154694383880276,
    0.03236033694438653,
    0.03094324123388551,
    0.031527571083244055,
    0.03476874237722392,
    0.03362692543706966,
    0.029546893060447152,
    0.029435535233786798,
    0.02823447280356448,
    0.03585916657411432,
    0.03467710767452201,
    0.032345857046686,
    0.03418554072667569,
    0.03320376527281961,
    0.03136747896814428,
    0.03100559599854571,
    0.036965118191033014
   ],
   "steady": [
    0.0317409348994403,
    0.028492231036917573,
    0.027404732352667306,
    0.024845986329651695,
    0.027807556601574912,
    0.025411185290689725,
    0.02744997378068328,
    0.023931300725335027,
    0.0255261956304133,
    0.026418095110132673,
    0.027809942735310955,
    0.028043705275086827,
    0.02965043145860327,
    0.024257552925983483,
    0.023232887729632577,
    0.033718329829037025,
    0.024856314462790578,
    0.024703173142800332,
    0.026367191475254608,
    0.03178755713172389
   ]
  },
  "A5-risp-erm": {
   "overall": [
    0.028707166650820695,
    0.025635821630839477,
    0.028545352313830548,
    0.026170937642740984,
    0.028046467952511207,
    0.02688946713777598,
    0.028632451953854544,
    0.02629767847238956,
    0.027292472585069765,
    0.02697549531052944,
    0.02840434495268033,
    0.028914423786762736,
    0.029299151814248137,
    0.026839882619707635,
    0.02481008972795495,
    0.03070796508243612,
    0.026056158858049763,
    0.026343860236644534,
    0.026684664158201622,
    0.028739379762829274
   ],
   "post_react": [
    0.03214860106150707,
    0.03504876206034706,
    0.03198344289157629,
    0.0308109336682797,
    0.03051646843055737,
    0.03155802464296128,
    0.03275407117316662,
    0.034416485690460526,
    0.033131086481143664,
    0.03048514535870833,
    0.029712475541778884,
    0.02875776290859438,
    0.03349150454002524,
    0.03368426857058664,
    0.032747922998246325,
    0.030864804623949145,
    0.032498007199625034,
    0.03251864225175529,
    0.03232065749251996,
    0.033380443952046805
   ],