{
 "config": {
  "seeds": 20,
  "K": 4,
  "het": 1.0,
  "memory": "soft",
  "probe": 15,
  "min_dormancy": 90
 },
 "post_react": {
  "A1-monolith-erm": {
   "mean": 0.03277149401757649,
   "ci95": 0.000808497976981423,
   "n": 20
  },
  "A2-router": {
   "mean": 0.03254873423879831,
   "ci95": 0.0006392671343036618,
   "n": 20
  },
  "A4-randomfixed": {
   "mean": 0.03273386210572448,
   "ci95": 0.0007907551469517341,
   "n": 20
  },
  "A5-risp-erm": {
   "mean": 0.03214147557689178,
   "ci95": 0.0006957961875529838,
   "n": 20
  },
  "A6-risp-inv": {
   "mean": 0.030717997153885256,
   "ci95": 0.0006628605067218249,
   "n": 20
  },
  "A9-oracle-pinned": {
   "mean": 0.0320999429947128,
   "ci95": 0.0007707134239865939,
   "n": 20
  }
 },
 "overall": {
  "A1-monolith-erm": {
   "mean": 0.02748864545922882,
   "ci95": 0.0006189074973351194,
   "n": 20
  },
  "A2-router": {
   "mean": 0.02748762316816939,
   "ci95": 0.0006757168553872491,
   "n": 20
  },
  "A4-randomfixed": {
   "mean": 0.02744660677485671,
   "ci95": 0.0006474958486539464,
   "n": 20
  },
  "A5-risp-erm": {
   "mean": 0.02749966163249386,
   "ci95": 0.0006449774623038043,
   "n": 20
  },
  "A6-risp-inv": {
   "mean": 0.026016511393010526,
   "ci95": 0.0005872285030447526,
   "n": 20
  },
  "A9-oracle-pinned": {
   "mean": 0.027364655186026758,
   "ci95": 0.0006621142047071601,
   "n": 20
  }
 },
 "steady": {
  "A1-monolith-erm": {
   "mean": 0.026191234595885522,
   "ci95": 0.0007929680190551068,
   "n": 20
  },
  "A2-router": {
   "mean": 0.026276868329557883,
   "ci95": 0.0008473936373096632,
   "n": 20
  },
  "A4-randomfixed": {
   "mean": 0.026137216734567027,
   "ci95": 0.0008177845171833153,
   "n": 20
  },
  "A5-risp-erm": {
   "mean": 0.02644152916440845,
   "ci95": 0.0008388043586601907,
   "n": 20
  },
  "A6-risp-inv": {
   "mean": 0.02506796748629484,
   "ci95": 0.0007362638990010998,
   "n": 20
  },
  "A9-oracle-pinned": {
   "mean": 0.026239326908606142,
   "ci95": 0.0008782118127089631,
   "n": 20
  }
 },
 "raw": {
  "A1-monolith-erm": {
   "overall": [
    0.028392520960183278,
    0.025299549997876133,
    0.02786309792933391,
    0.026389484695863375,
    0.02850527636371833,
    0.02663604649280839,
    0.02844501178581757,
    0.026397190542276544,
    0.02718413982792894,
    0.027082469444767526,
    0.027252975435704666,
    0.028102591655719062,
    0.029608450262209374,
    0.027115363228060067,
    0.02516303783796796,
    0.03074136393580011,
    0.0263813706057342,
    0.026595541324894046,
    0.027216570271116014,
    0.02940085658679687
   ],
   "post_react": [
    0.031479291518050075,
    0.03399293597274592,
    0.032729283607447646,
    0.032584344098235844,
    0.03208899685488224,
    0.0314212198897448,
    0.03391171311887712,
    0.03448953490261059,
    0.03432693583606708,
    0.0309280309565969,
    0.029074912598616946,
    0.02904381574920132,
    0.03529410134047245,
    0.03488916132667972,
    0.03436108421842145,
    0.032545454043794296,
    0.03316991695996594,
    0.03273538844805106,
    0.03123010527148038,
    0.035133653639588
   ],
   "steady": [
    0.02740509468033294,
    0.02333478289778552,
    0.02669409573655798,
    0.0242245836983994,
    0.028026830075288778,
    0.025663761339895143,
    0.027425471749143924,
    0.024507941229553177,
    0.0253865483356306,
    0.02592462331063208,
    0.026875052950646315,
    0.027191515288227157,
    0.028268877223636062,
    0.025156228679730764,
    0.023219990620582148,
    0.029884559089051837,
    0.02467968841554539,
    0.024793003759888757,
    0.026509872575434343,
    0.02865217026174806
   ]
  },
  "A2-router": {
   "overall": [
    0.02877229368667183,
    0.025556331718114746,
    0.02850543026645898,
    0.02659820267859972,
    0.028104949680172533,
    0.02638928546423132,
    0.02822508005078234,
    0.025999536929400505,
    0.02713806085267666,
    0.027717967921793058,
    0.028209216061470695,
    0.028985616951217028,
    0.028736249621438455,
    0.026893767590820974,
    0.024159835426582257,
    0.031335747706361376,
    0.027343742048240395,
    0.025962662571870885,
    0.027048567910032316,
    0.02806991822645169
   ],
   "post_react": [
    0.03211077065495514,
    0.03224307333004242,
    0.032296802803995356,
    0.03105465307425657,
    0.03175458464375673,
    0.032129090791151595,
    0.03334991818356936,
    0.03441545285964027,
    0.03381682624220371,
    0.03260677853664175,
    0.02962190917636135,
    0.03024522869753957,
    0.032300805883106,
    0.035582149175733616,
    0.03288958574707487,
    0.0317677237483318,
    0.0345818909893154,
    0.03232928465794711,
    0.03415351078043121,
    0.03172464479991244
   ],
   "steady": [
    0.02758263322884224,
    0.02406297679660685,
    0.027846582014965846,
    0.02546488377588676,
    0.027374552734281354,
    0.025083852702215442,
    0.026738091371190705,
    0.024219590493517098,
    0.025420325049586405,
    0.02689079011244234,
    0.02777797824113281,
    0.028580446567706485,
    0.02781052764711641,
    0.02522639113958151,
    0.02236779419413752,
    0.030731370864236402,
    0.02568589154388687,
    0.024026928119812902,
    0.025439172778348337,
    0.027206587215663408
   ]
  },
  "A4-randomfixed": {
   "overall": [
    0.028261420980179187,
    0.025784004252488262,
    0.028794915488750156,
    0.0256417782154428,
    0.028550838254032655,
    0.026048062082566662,
    0.028941610629886726,
    0.02646624890345188,
    0.02731882163767073,
    0.027181203298846702,
    0.027605324571249847,
    0.028338168789481626,
    0.029247674824633155,
    0.02602327809574716,
    0.024761784455655265,
    0.03055532163022827,
    0.027490390664514756,
    0.026306200066548803,
    0.026811488192739368,
    0.02880360046302026
   ],
   "post_react": [
    0.030737494771712122,
    0.03665193050108931,
    0.034613862909984895,
    0.030528670907040086,
    0.03252987447835453,
    0.03063066335565749,
    0.03330859013668177,
    0.03273467215287444,
    0.03342329693403585,
    0.03174927007829554,
    0.02943087277033774,
    0.030832349744765036,
    0.0349436350093901,
    0.03343267276812789,
    0.034546086154085984,
    0.0318833157455278,
    0.034471962407899896,
    0.032096166999569006,
    0.03346931204438321,
    0.032662542244677115
   ],
   "steady": [
    0.02756274855653957,
    0.023432986881228985,
    0.02788915564526,
    0.024175516547740746,
    0.027575913002482633,
    0.024664365263152483,
    0.027698961447321643,
    0.024997059094931825,
    0.025730083810149115,
    0.026062601786566057,
    0.027184169418025945,
    0.02752032624192099,
    0.02788007353051817,
    0.024463323330796857,
    0.022670000988237196,
    0.029782196970077692,
    0.02597643088442572,
    0.024373028998941917,
    0.02512066423028759,
    0.027984728062735408
   ]
  },
  "A5-risp-erm": {
   "overall": [
    0.028707166650820695,
    0.025635821630839477,
    0.028545352313830548,
    0.026170937642740984,
    0.028046467952511207,
    0.02688946713777598,
    0.028632451953854544,
    0.02629767847238956,
    0.027292472585069765,
    0.02697549531052944,
    0.02840434495268033,
    0.028914423786762736,
    0.029299151814248137,
    0.026839882619707635,
    0.02481008972795495,
    0.03070796508243612,
    0.026056158858049763,
    0.026343860236644534,
    0.026684664158201622,
    0.028739379762829274
   ],
   "post_react": [
    0.03214860106150707,
    0.03504876206034706,
    0.03198344289157629,
    0.0308109336682797,
    0.03051646843055737,
    0.03155802464296128,
    0.03275407117316662,
    0.034416485690460526,
    0.033131086481143664,
    0.03048514535870833,
    0.029712475541778884,
    0.02875776290859438,
    0.03349150454002524,
    0.03368426857058664,
    0.032747922998246325,
    0.030864804623949145,
    0.032498007199625034,
    0.03251864225175529,
    0.03232065749251996,
    0.033380443952046805
   ],