{
 "config": {
  "seeds": 20,
  "K": 1,
  "het": 1.0,
  "memory": "hard",
  "probe": 15,
  "min_dormancy": 90
 },
 "post_react": {
  "A1-monolith-erm": {
   "mean": 0.03426737404123227,
   "ci95": 0.0010162977171361365,
   "n": 20
  },
  "A2-router": {
   "mean": 0.034323473221384175,
   "ci95": 0.0010018273204264701,
   "n": 20
  },
  "A4-randomfixed": {
   "mean": 0.036670813337125095,
   "ci95": 0.0016320174393813398,
   "n": 20
  },
  "A5-risp-erm": {
   "mean": 0.03214147557689178,
   "ci95": 0.0006957961875529838,
   "n": 20
  },
  "A6-risp-inv": {
   "mean": 0.030717997153885256,
   "ci95": 0.0006628605067218249,
   "n": 20
  },
  "A9-oracle-pinned": {
   "mean": 0.0320999429947128,
   "ci95": 0.0007707134239865939,
   "n": 20
  }
 },
 "overall": {
  "A1-monolith-erm": {
   "mean": 0.026748563990132902,
   "ci95": 0.00047003166664266776,
   "n": 20
  },
  "A2-router": {
   "mean": 0.027017841062154258,
   "ci95": 0.0004947661584124389,
   "n": 20
  },
  "A4-randomfixed": {
   "mean": 0.03256022072230356,
   "ci95": 0.0014432870747229315,
   "n": 20
  },
  "A5-risp-erm": {
   "mean": 0.02749966163249386,
   "ci95": 0.0006449774623038043,
   "n": 20
  },
  "A6-risp-inv": {
   "mean": 0.026016511393010526,
   "ci95": 0.0005872285030447526,
   "n": 20
  },
  "A9-oracle-pinned": {
   "mean": 0.027364655186026758,
   "ci95": 0.0006621142047071601,
   "n": 20
  }
 },
 "steady": {
  "A1-monolith-erm": {
   "mean": 0.024244993858176515,
   "ci95": 0.0005792193597821032,
   "n": 20
  },
  "A2-router": {
   "mean": 0.024593131793068736,
   "ci95": 0.0006690215491820168,
   "n": 20
  },
  "A4-randomfixed": {
   "mean": 0.03156744014780118,
   "ci95": 0.0015707600850924433,
   "n": 20
  },
  "A5-risp-erm": {
   "mean": 0.02644152916440845,
   "ci95": 0.0008388043586601907,
   "n": 20
  },
  "A6-risp-inv": {
   "mean": 0.02506796748629484,
   "ci95": 0.0007362638990010998,
   "n": 20
  },
  "A9-oracle-pinned": {
   "mean": 0.026239326908606142,
   "ci95": 0.0008782118127089631,
   "n": 20
  }
 },
 "raw": {
  "A1-monolith-erm": {
   "overall": [
    0.02783159120842086,
    0.02690463840267338,
    0.026840127637861082,
    0.02629715240220338,
    0.027787240778764308,
    0.02563969139563514,
    0.02793935003471735,
    0.026323808096505415,
    0.026718275365224448,
    0.027055100870327104,
    0.026164896756612547,
    0.02802275339791956,
    0.026766766911248643,
    0.025798001398880287,
    0.02619133130738036,
    0.02927579055817228,
    0.02728450363743881,
    0.02485650918259734,
    0.02615564187808998,
    0.025118108581985713
   ],
   "post_react": [
    0.03211815254974002,
    0.038598564177223335,
    0.036281558186625706,
    0.034432975157840544,
    0.03245666456266767,
    0.03255339125717265,
    0.03455497830493262,
    0.03401550491823302,
    0.03539842938808599,
    0.034377580881564014,
    0.02983037475258515,
    0.032025433993259494,
    0.03389726808456469,
    0.03695571292839605,
    0.03705769481294703,
    0.033458399342836474,
    0.03772175579721251,
    0.0304705843848238,
    0.034561974803850544,
    0.03458048254008418
   ],
   "steady": [
    0.025984992911198945,
    0.02335469530469202,
    0.024533594541352503,
    0.02307511053623946,
    0.026289611632453472,
    0.02334214269447434,
    0.025862447124347203,
    0.023662031430187674,
    0.023642162262485267,
    0.024790169413285996,
    0.024255488029669436,
    0.025833351401025297,
    0.024225077832836176,
    0.02295004703815729,
    0.023290489988879243,
    0.027040939758946104,
    0.024320390284838737,
    0.0227053369131806,
    0.023203065183666983,
    0.022538732881613593
   ]
  },
  "A2-router": {
   "overall": [
    0.027481486917305707,
    0.02707612756391472,
    0.02786120291826795,
    0.026629615065400878,
    0.02853593810402677,
    0.02642752541590013,
    0.026976203922857513,
    0.02643413936285607,
    0.02722381861819119,
    0.027352396882219233,
    0.026027534782228162,
    0.028393473874383676,
    0.026917849367130747,
    0.02619952071875563,
    0.02625003815416054,
    0.03007914866535593,
    0.026798775006702656,
    0.026369441736384044,
    0.02673863514954048,
    0.02458394901750318
   ],
   "post_react": [
    0.0322430291257048,
    0.03845180808754341,
    0.035644722947901886,
    0.033006621102696185,
    0.03305617814662764,
    0.03286926981574849,
    0.03300730323252253,
    0.03608626825239068,
    0.03563991295873774,
    0.034805426284567446,
    0.030303529737138242,
    0.032385927953682926,
    0.03437301169709291,
    0.03719949786517478,
    0.037253484396588786,
    0.03278247888002525,
    0.03729995478334309,
    0.030428137448141903,
    0.03515938393682339,
    0.03447351777523145
   ],
   "steady": [
    0.02545307878419466,
    0.02348118923356606,
    0.026246773694957867,
    0.024022889440910248,
    0.027088852186772518,
    0.024049244942930814,
    0.024923470227665723,
    0.023183311915693134,
    0.024096789343510863,
    0.02531288545702036,
    0.024009395759038422,
    0.02651662260324233,
    0.024283365825493758,
    0.023397135734930647,
    0.02337183940930247,
    0.028455119400940067,
    0.023841980026743426,
    0.0243238951315547,
    0.02377584198658033,
    0.0220289547563264
   ]
  },
  "A4-randomfixed": {
   "overall": [
    0.03305087621760224,
    0.030770932461959406,
    0.033964066491318626,
    0.026471186451844885,
    0.03313967209706215,
    0.032819137051256726,
    0.0336502431401535,
    0.037066514326007674,
    0.03164054773815948,
    0.027342739778654992,
    0.032033296343435186,
    0.03273995435501652,
    0.03495557199330016,
    0.03549314568043781,
    0.029860387964265506,
    0.03900641599333649,
    0.03482522614468618,
    0.02604906904840335,
    0.03220003976606072,
    0.034125391403109516
   ],
   "post_react": [
    0.03540381111647522,
    0.04000978823162337,
    0.035057744239979434,
    0.03226176400822436,
    0.03451810161602357,
    0.037885478874214444,
    0.03950278440820197,
    0.042483196878137945,
    0.03723637334083893,
    0.02981051387874518,
    0.03145477862333556,
    0.03273392236443832,
    0.03969910374805608,
    0.04185346660978304,
    0.03817412818533314,
    0.038364912350652876,
    0.04102671074097954,
    0.03124276295006469,
    0.03707587452692518,
    0.03762105005046921
   ],
   "steady": [
    0.03244611860009939,
    0.02874485406999714,
    0.03423285442532228,
    0.024495787522728144,
    0.03286910340914,
    0.031649550447431694,
    0.03232857981885274,
    0.035648612587062686,
    0.030080789850149784,
    0.026836814903381336,
    0.032262649718518485,
    0.03256993317238467,
    0.03372772100082646,
    0.033538436700844526,
    0.02786794187827484,
    0.039301432944830975,
    0.033605106104263344,
    0.0248972859138701,
    0.03115320899401091,
    0.03309202089403419
   ]
  },
  "A5-risp-erm": {
   "overall": [
    0.028707166650820695,
    0.025635821630839477,
    0.028545352313830548,
    0.026170937642740984,
    0.028046467952511207,
    0.02688946713777598,
    0.028632451953854544,
    0.02629767847238956,
    0.027292472585069765,
    0.02697549531052944,
    0.02840434495268033,
    0.028914423786762736,
    0.029299151814248137,
    0.026839882619707635,
    0.02481008972795495,
    0.03070796508243612,
    0.026056158858049763,
    0.026343860236644534,
    0.026684664158201622,
    0.028739379762829274
   ],
   "post_react": [
    0.03214860106150707,
    0.03504876206034706,
    0.03198344289157629,
    0.0308109336682797,
    0.03051646843055737,
    0.03155802464296128,
    0.03275407117316662,
    0.034416485690460526,
    0.033131086481143664,
    0.03048514535870833,
    0.029712475541778884,
    0.02875776290859438,
    0.03349150454002524,
    0.03368426857058664,
    0.032747922998246325,
    0.030864804623949145,
    0.032498007199625034,
    0.03251864225175529,
    0.03232065749251996,
    0.033380443952046805
   ],