{
 "config": {
  "seeds": 20,
  "K": 1,
  "het": 1.0,
  "memory": "soft",
  "probe": 15,
  "min_dormancy": 90
 },
 "post_react": {
  "A1-monolith-erm": {
   "mean": 0.03276297351944209,
   "ci95": 0.0007875878084208004,
   "n": 20
  },
  "A2-router": {
   "mean": 0.032846359449053314,
   "ci95": 0.000667548838016939,
   "n": 20
  },
  "A4-randomfixed": {
   "mean": 0.036670813337125095,
   "ci95": 0.0016320174393813398,
   "n": 20
  },
  "A5-risp-erm": {
   "mean": 0.03214147557689178,
   "ci95": 0.0006957961875529838,
   "n": 20
  },
  "A6-risp-inv": {
   "mean": 0.030717997153885256,
   "ci95": 0.0006628605067218249,
   "n": 20
  },
  "A9-oracle-pinned": {
   "mean": 0.0320999429947128,
   "ci95": 0.0007707134239865939,
   "n": 20
  }
 },
 "overall": {
  "A1-monolith-erm": {
   "mean": 0.027526276729400556,
   "ci95": 0.0006171624730096591,
   "n": 20
  },
  "A2-router": {
   "mean": 0.027452518254882374,
   "ci95": 0.0006763255076406089,
   "n": 20
  },
  "A4-randomfixed": {
   "mean": 0.03256022072230356,
   "ci95": 0.0014432870747229315,
   "n": 20
  },
  "A5-risp-erm": {
   "mean": 0.02749966163249386,
   "ci95": 0.0006449774623038043,
   "n": 20
  },
  "A6-risp-inv": {
   "mean": 0.026016511393010526,
   "ci95": 0.0005872285030447526,
   "n": 20
  },
  "A9-oracle-pinned": {
   "mean": 0.027364655186026758,
   "ci95": 0.0006621142047071601,
   "n": 20
  }
 },
 "steady": {
  "A1-monolith-erm": {
   "mean": 0.026242618969695826,
   "ci95": 0.0007914178624839267,
   "n": 20
  },
  "A2-router": {
   "mean": 0.02615715586311072,
   "ci95": 0.0008647919590963923,
   "n": 20
  },
  "A4-randomfixed": {
   "mean": 0.03156744014780118,
   "ci95": 0.0015707600850924433,
   "n": 20
  },
  "A5-risp-erm": {
   "mean": 0.02644152916440845,
   "ci95": 0.0008388043586601907,
   "n": 20
  },
  "A6-risp-inv": {
   "mean": 0.02506796748629484,
   "ci95": 0.0007362638990010998,
   "n": 20
  },
  "A9-oracle-pinned": {
   "mean": 0.026239326908606142,
   "ci95": 0.0008782118127089631,
   "n": 20
  }
 },
 "raw": {
  "A1-monolith-erm": {
   "overall": [
    0.02856079574590521,
    0.025350555638177064,
    0.02787171079194927,
    0.026491737029516804,
    0.028719798732515886,
    0.026509785854448072,
    0.02838252997662042,
    0.026374337748476237,
    0.027132709325017747,
    0.027140528389201803,
    0.02743275415935417,
    0.028067101764161013,
    0.029699053000938867,
    0.02722121642838205,
    0.025224514386782873,
    0.030677995500786866,
    0.026380885094659762,
    0.026681257303494785,
    0.027235043461726054,
    0.029371224255896177
   ],
   "post_react": [
    0.03147658086098346,
    0.03402254662856587,
    0.03263607120807058,
    0.03256622112591457,
    0.03211642917240155,
    0.031565097891220376,
    0.03380525846162927,
    0.034418632168013184,
    0.03422740828228209,
    0.03084298493425732,
    0.029307141638795088,
    0.02903977747931908,
    0.035243935261211036,
    0.03474080100698983,
    0.03441875750445269,
    0.03256392127685374,
    0.03312412136117451,
    0.03264749543099996,
    0.03133994273299162,
    0.035156345962715815
   ],
   "steady": [
    0.02766971801477929,
    0.023398824442636613,
    0.02651642736410671,
    0.02428110251958071,
    0.028201711288982304,
    0.02551555140927055,
    0.027373700999163777,
    0.024599407871045535,
    0.025306376362316554,
    0.026059170385327544,
    0.02710977892115822,
    0.027404960158521483,
    0.028211592603640208,
    0.0253141195674913,
    0.023324578268884406,
    0.029883701839521264,
    0.024630661985791964,
    0.024929934414661566,
    0.026501388496802596,
    0.02861967248023392
   ]
  },
  "A2-router": {
   "overall": [
    0.028788584417136887,
    0.025647303121709427,
    0.028453858080443584,
    0.026031110318902335,
    0.028027449794666863,
    0.026220926183473305,
    0.027959180623170578,
    0.02604365782278504,
    0.02720616390370624,
    0.028774488447265878,
    0.02811384817285575,
    0.028805876171436297,
    0.028852538581231844,
    0.026526725035085554,
    0.024283002889256496,
    0.031132406906376024,
    0.027134900105902558,
    0.02599313503127498,
    0.027099451826670364,
    0.02795575766429743
   ],
   "post_react": [
    0.03294953028460761,
    0.03517604639703826,
    0.033457608656447146,
    0.030731783142954546,
    0.03301877202851437,
    0.03173699374344866,
    0.03315962533950975,
    0.03455329623018204,
    0.03342047294137443,
    0.031267299110205975,
    0.02950483543080538,
    0.030356854229318806,
    0.03400677170939067,
    0.03431571556294634,
    0.033004900427915165,
    0.03273159472151236,
    0.03488427168084,
    0.03213873965004558,
    0.03389024898270228,
    0.03262182871130696
   ],
   "steady": [
    0.027629363189393685,
    0.02346812668341427,
    0.027553298475331264,
    0.024417174954329515,
    0.026990105598718398,
    0.02515068917257095,
    0.02658645364407099,
    0.024162712232877387,
    0.025570790778801537,
    0.028316079489404223,
    0.027781655750368103,
    0.02825989381200652,
    0.027326148514893765,
    0.02480766864722485,
    0.02259880956356192,
    0.030635812891852143,
    0.025465674783046423,
    0.02408122257756497,
    0.025473721399954314,
    0.02686771510282928
   ]
  },
  "A4-randomfixed": {
   "overall": [
    0.03305087621760224,
    0.030770932461959406,
    0.033964066491318626,
    0.026471186451844885,
    0.03313967209706215,
    0.032819137051256726,
    0.0336502431401535,
    0.037066514326007674,
    0.03164054773815948,
    0.027342739778654992,
    0.032033296343435186,
    0.03273995435501652,
    0.03495557199330016,
    0.03549314568043781,
    0.029860387964265506,
    0.03900641599333649,
    0.03482522614468618,
    0.02604906904840335,
    0.03220003976606072,
    0.034125391403109516
   ],
   "post_react": [
    0.03540381111647522,
    0.04000978823162337,
    0.035057744239979434,
    0.03226176400822436,
    0.03451810161602357,
    0.037885478874214444,
    0.03950278440820197,
    0.042483196878137945,
    0.03723637334083893,
    0.02981051387874518,
    0.03145477862333556,
    0.03273392236443832,
    0.03969910374805608,
    0.04185346660978304,
    0.03817412818533314,
    0.038364912350652876,
    0.04102671074097954,
    0.03124276295006469,
    0.03707587452692518,
    0.03762105005046921
   ],
   "steady": [
    0.03244611860009939,
    0.02874485406999714,
    0.03423285442532228,
    0.024495787522728144,
    0.03286910340914,
    0.031649550447431694,
    0.03232857981885274,
    0.035648612587062686,
    0.030080789850149784,
    0.026836814903381336,
    0.032262649718518485,
    0.03256993317238467,
    0.03372772100082646,
    0.033538436700844526,
    0.02786794187827484,
    0.039301432944830975,
    0.033605106104263344,
    0.0248972859138701,
    0.03115320899401091,
    0.03309202089403419
   ]
  },
  "A5-risp-erm": {
   "overall": [
    0.028707166650820695,
    0.025635821630839477,
    0.028545352313830548,
    0.026170937642740984,
    0.028046467952511207,
    0.02688946713777598,
    0.028632451953854544,
    0.02629767847238956,
    0.027292472585069765,
    0.02697549531052944,
    0.02840434495268033,
    0.028914423786762736,
    0.029299151814248137,
    0.026839882619707635,
    0.02481008972795495,
    0.03070796508243612,
    0.026056158858049763,
    0.026343860236644534,
    0.026684664158201622,
    0.028739379762829274
   ],
   "post_react": [
    0.03214860106150707,
    0.03504876206034706,
    0.03198344289157629,
    0.0308109336682797,
    0.03051646843055737,
    0.03155802464296128,
    0.03275407117316662,
    0.034416485690460526,
    0.033131086481143664,
    0.03048514535870833,
    0.029712475541778884,
    0.02875776290859438,
    0.03349150454002524,
    0.03368426857058664,
    0.032747922998246325,
    0.030864804623949145,
    0.032498007199625034,
    0.03251864225175529,
    0.03232065749251996,
    0.033380443952046805
   ],