{
 "21": {
  "post_react": {
   "A1-monolith-erm": {
    "mean": 0.05225919008110506,
    "ci95": 0.0014757644674893036,
    "n": 20
   },
   "A2-router": {
    "mean": 0.05240687242053538,
    "ci95": 0.0015137272225131894,
    "n": 20
   },
   "A3-recentperf": {
    "mean": 0.05475075757040273,
    "ci95": 0.001690247296908958,
    "n": 20
   },
   "A5-risp-erm": {
    "mean": 0.05198228588401843,
    "ci95": 0.0016743113641600501,
    "n": 20
   },
   "A6-risp-inv": {
    "mean": 0.050739008785496184,
    "ci95": 0.001416969941361876,
    "n": 20
   }
  },
  "steady": {
   "A1-monolith-erm": {
    "mean": 0.03224654671180981,
    "ci95": 0.0022513324581343785,
    "n": 20
   },
   "A2-router": {
    "mean": 0.03305112766935415,
    "ci95": 0.002132832514590981,
    "n": 20
   },
   "A3-recentperf": {
    "mean": 0.03503816193533676,
    "ci95": 0.0026348744135236218,
    "n": 20
   },
   "A5-risp-erm": {
    "mean": 0.03415888668553378,
    "ci95": 0.0022045652986544214,
    "n": 20
   },
   "A6-risp-inv": {
    "mean": 0.032931479854992465,
    "ci95": 0.002221766397894649,
    "n": 20
   }
  }
 },
 "63": {
  "post_react": {
   "A1-monolith-erm": {
    "mean": 0.050237644652354675,
    "ci95": 0.0020179903644222765,
    "n": 20
   },
   "A2-router": {
    "mean": 0.05028055019048087,
    "ci95": 0.002077045284266048,
    "n": 20
   },
   "A3-recentperf": {
    "mean": 0.053615971089894354,
    "ci95": 0.0017323279129913777,
    "n": 20
   },
   "A5-risp-erm": {
    "mean": 0.048184372561612114,
    "ci95": 0.0019816589450027777,
    "n": 20
   },
   "A6-risp-inv": {
    "mean": 0.046482773475415864,
    "ci95": 0.0019277626651888243,
    "n": 20
   }
  },
  "steady": {
   "A1-monolith-erm": {
    "mean": 0.027193879740310907,
    "ci95": 0.0021393187448899534,
    "n": 20
   },
   "A2-router": {
    "mean": 0.02784728283682421,
    "ci95": 0.0022551183865649254,
    "n": 20
   },
   "A3-recentperf": {
    "mean": 0.029733325091768303,
    "ci95": 0.002177753661237561,
    "n": 20
   },
   "A5-risp-erm": {
    "mean": 0.028756857135070917,
    "ci95": 0.002077544621759542,
    "n": 20
   },
   "A6-risp-inv": {
    "mean": 0.027764859857837283,
    "ci95": 0.002093437009445257,
    "n": 20
   }
  }
 },
 "126": {
  "post_react": {
   "A1-monolith-erm": {
    "mean": 0.04975422695407396,
    "ci95": 0.001600694161606774,
    "n": 20
   },
   "A2-router": {
    "mean": 0.04959532029719406,
    "ci95": 0.0014953696913688767,
    "n": 20
   },
   "A3-recentperf": {
    "mean": 0.052276462843651936,
    "ci95": 0.0014729159261994708,
    "n": 20
   },
   "A5-risp-erm": {
    "mean": 0.04787359497698794,
    "ci95": 0.001846699798796642,
    "n": 20
   },
   "A6-risp-inv": {
    "mean": 0.045743659262468706,
    "ci95": 0.0018124280080452858,
    "n": 20
   }
  },
  "steady": {
   "A1-monolith-erm": {
    "mean": 0.025499893000473683,
    "ci95": 0.0015658044004232766,
    "n": 20
   },
   "A2-router": {
    "mean": 0.025982637468390475,
    "ci95": 0.0015583406774086557,
    "n": 20
   },
   "A3-recentperf": {
    "mean": 0.027467473583327066,
    "ci95": 0.0015911855852289876,
    "n": 20
   },
   "A5-risp-erm": {
    "mean": 0.027619285256369953,
    "ci95": 0.0014076666408947957,
    "n": 20
   },
   "A6-risp-inv": {
    "mean": 0.026491243326390117,
    "ci95": 0.0013004961655060003,
    "n": 20
   }
  }
 },
 "252": {
  "post_react": {
   "A1-monolith-erm": {
    "mean": 0.043358569743907664,
    "ci95": 0.0009752812345509643,
    "n": 20
   },
   "A2-router": {
    "mean": 0.04344291931236185,
    "ci95": 0.0010331989099185844,
    "n": 20
   },
   "A3-recentperf": {
    "mean": 0.046817704124636365,
    "ci95": 0.0010286002523623682,
    "n": 20
   },
   "A5-risp-erm": {
    "mean": 0.04094812270093125,
    "ci95": 0.0014447845758001037,
    "n": 20
   },
   "A6-risp-inv": {
    "mean": 0.03950506113352275,
    "ci95": 0.0010344340972435544,
    "n": 20
   }
  },
  "steady": {
   "A1-monolith-erm": {
    "mean": 0.026334688576718557,
    "ci95": 0.0009970389092935914,
    "n": 20
   },
   "A2-router": {
    "mean": 0.02656582223207806,
    "ci95": 0.0009572164145661638,
    "n": 20
   },
   "A3-recentperf": {
    "mean": 0.028107292382034098,
    "ci95": 0.0010270081203795647,
    "n": 20
   },
   "A5-risp-erm": {
    "mean": 0.02776884868361702,
    "ci95": 0.000992062534536595,
    "n": 20
   },
   "A6-risp-inv": {
    "mean": 0.02651940855285822,
    "ci95": 0.0009156985124577922,
    "n": 20
   }
  }
 },
 "504": {
  "post_react": {
   "A1-monolith-erm": {
    "mean": 0.0366753595648643,
    "ci95": 0.0005879003063310444,
    "n": 20
   },
   "A2-router": {
    "mean": 0.03645673814491455,
    "ci95": 0.0005926483483336962,
    "n": 20
   },
   "A3-recentperf": {
    "mean": 0.039680353597855114,
    "ci95": 0.0004939187554240586,
    "n": 20
   },
   "A5-risp-erm": {
    "mean": 0.034538592400792816,
    "ci95": 0.0007574482477274644,
    "n": 20
   },
   "A6-risp-inv": {
    "mean": 0.03259755118658986,
    "ci95": 0.0006103411012164904,
    "n": 20
   }
  },
  "steady": {
   "A1-monolith-erm": {
    "mean": 0.02530300663660267,
    "ci95": 0.0007959761424006807,
    "n": 20
   },
   "A2-router": {
    "mean": 0.02564768215889069,
    "ci95": 0.00080228994616656,
    "n": 20
   },
   "A3-recentperf": {
    "mean": 0.027129699233125536,
    "ci95": 0.0007941871092364696,
    "n": 20
   },
   "A5-risp-erm": {
    "mean": 0.026682755020584602,
    "ci95": 0.0007709991809942959,
    "n": 20
   },
   "A6-risp-inv": {
    "mean": 0.025333182846033763,
    "ci95": 0.0007651838221028044,
    "n": 20
   }
  }
 }
}