{
 "config": {
  "seeds": 20,
  "K": 2,
  "het": 0.5,
  "memory": "hard",
  "probe": 15,
  "min_dormancy": 90
 },
 "post_react": {
  "A5-risp-erm": {
   "mean": 0.030732299043827477,
   "ci95": 0.0008063907865615686,
   "n": 20
  },
  "A6-risp-inv": {
   "mean": 0.029483129052664103,
   "ci95": 0.0007986111051365925,
   "n": 20
  },
  "A9-oracle-pinned": {
   "mean": 0.030666926612955614,
   "ci95": 0.0007257522822986693,
   "n": 20
  }
 },
 "overall": {
  "A5-risp-erm": {
   "mean": 0.025927487286717794,
   "ci95": 0.0004497129838359412,
   "n": 20
  },
  "A6-risp-inv": {
   "mean": 0.024651850308844293,
   "ci95": 0.00039973387339219785,
   "n": 20
  },
  "A9-oracle-pinned": {
   "mean": 0.025850229536921905,
   "ci95": 0.0004452866543735855,
   "n": 20
  }
 },
 "steady": {
  "A5-risp-erm": {
   "mean": 0.02487312116672036,
   "ci95": 0.0006592521026157533,
   "n": 20
  },
  "A6-risp-inv": {
   "mean": 0.023655571062218474,
   "ci95": 0.0005646408101340387,
   "n": 20
  },
  "A9-oracle-pinned": {
   "mean": 0.024802856613793788,
   "ci95": 0.0006541126250733299,
   "n": 20
  }
 },
 "raw": {
  "A5-risp-erm": {
   "overall": [
    0.02701947283248248,
    0.025019274539660193,
    0.026690176234044113,
    0.02467831030355217,
    0.02721041700269326,
    0.026075965263752804,
    0.025802318724031128,
    0.02553186951495781,
    0.025684133232418395,
    0.02595390417074789,
    0.026310388751659825,
    0.027478999725714867,
    0.026156122912655917,
    0.025061878054979995,
    0.02437363827701945,
    0.028384972579450295,
    0.024882852157785833,
    0.025281354112061977,
    0.025143863119645823,
    0.025809834225041586
   ],
   "post_react": [
    0.031155365993497705,
    0.034757779728990953,
    0.03193818808359775,
    0.02965292937460366,
    0.030284576362597983,
    0.030491133836950922,
    0.029437383079735552,
    0.033256198461096266,
    0.03128310287562674,
    0.029159383328755267,
    0.0279092902450635,
    0.027272093387109286,
    0.03178902219258861,
    0.032543518860945087,
    0.03222425371634013,
    0.028491448381216426,
    0.030852483598334462,
    0.031551949036214375,
    0.029407352933159974,
    0.03118852740012474
   ],
   "steady": [
    0.0262131863548622,
    0.023203337737805762,
    0.026360630209998542,
    0.023115829155007317,
    0.026802007004978125,
    0.025044881645412544,
    0.025034491275185096,
    0.023831806893674416,
    0.024238399128562984,
    0.02548847785432685,
    0.025849940279591987,
    0.027247414216230257,
    0.025079132548884064,
    0.02317939128904095,
    0.022655789025418066,
    0.027877470788002214,
    0.02368055526970034,
    0.023410754243087237,
    0.02420058636400688,
    0.024948342050631324
   ]
  },
  "A6-risp-inv": {
   "overall": [
    0.02557358134242297,
    0.023869704373750654,
    0.024868042924617143,
    0.023382278146340005,
    0.025659594360771056,
    0.024573345226976753,
    0.025012091046075016,
    0.024385483679333325,
    0.024419962758404367,
    0.02443792924743776,
    0.02472995456178908,
    0.026023011278069868,
    0.025556078717505943,
    0.023545644738026276,
    0.02358570383226307,
    0.026879412290563575,
    0.023818046171262774,
    0.024151170716930702,
    0.024038457022302194,
    0.02452751374204336
   ],
   "post_react": [
    0.02926416505715753,
    0.03320333910374915,
    0.0289699441628386,
    0.02870634411235603,
    0.028370570615847805,
    0.02946970405178179,
    0.028645504350060448,
    0.0307701314405281,
    0.030224358184819118,
    0.027186428428995196,
    0.026493956556032587,
    0.027306893931617834,
    0.032902676353224115,
    0.030897434178007725,
    0.032187040345610235,
    0.028299226682152408,
    0.030063980110428084,
    0.029875629257741305,
    0.02825202202273367,
    0.028573232107600183
   ],
   "steady": [
    0.024893507897611702,
    0.022301516148029946,
    0.024473817838677515,
    0.02202777984912156,
    0.0253528053307178,
    0.023601841438232067,
    0.02429290716194742,
    0.023005927905959227,
    0.023206482845906908,
    0.023891693156733104,
    0.02423893390958758,
    0.025459605693340322,
    0.02423663372626339,
    0.021882385783692684,
    0.02168679086753655,
    0.026227333239830463,
    0.02248683338254743,
    0.022386006701500566,
    0.023324962310484604,
    0.0241336560566486
   ]
  },
  "A9-oracle-pinned": {
   "overall": [
    0.026267298810566428,
    0.02483019529873164,
    0.02638112274743069,
    0.024844397874035716,
    0.026834642576552336,
    0.02600875351568743,
    0.026424625236117057,
    0.02522218209857314,
    0.025522084449851275,
    0.025652322530238792,
    0.025981491201267196,
    0.027422674793377892,
    0.027005337223176176,
    0.02497820284205761,
    0.024447738202406623,
    0.028307688687131002,
    0.02481113536724309,
    0.024865272832129186,
    0.02511242950752736,
    0.02608499494433738
   ],
   "post_react": [
    0.028408171170865595,
    0.033843603864748335,
    0.030974335242256856,
    0.029760914043378432,
    0.02947431572730924,
    0.030113790621868745,
    0.031082197594231045,
    0.03197137509850257,
    0.03152281024988537,
    0.02970175162172274,
    0.027996704432570192,
    0.02873517713616354,
    0.03349897940863514,
    0.03301922597507504,
    0.03136445483870341,
    0.028650347103111328,
    0.03164370516855477,
    0.031229577963106357,
    0.030172631596747452,
    0.030174463401676142
   ],
   "steady": [
    0.02583871719146745,
    0.02326315076509103,
    0.025834492464156894,
    0.023435119975607065,
    0.02652707430799059,
    0.025119846158002074,
    0.025508034093890675,
    0.023734018131492403,
    0.023945744395737205,
    0.0247527188936743,
    0.02548994967021621,
    0.02660098378123594,
    0.025883526005622465,
    0.023443691477435306,
    0.022833952484437932,
    0.02825691197474631,
    0.023178357583450264,
    0.02270525503340739,
    0.02417362482077261,
    0.02553196306744167
   ]
  }
 },
 "welch_p": {
  "A6-risp-inv vs A5-risp-erm": 0.037370462655491855,
  "A6-risp-inv vs A9-oracle-pinned": 0.03803167288761535
 },
 "holm_p": {
  "A6-risp-inv vs A5-risp-erm": 0.07474092531098371,
  "A6-risp-inv vs A9-oracle-pinned": 0.07474092531098371
 }
}