{
 "config": {
  "seeds": 20,
  "K": 2,
  "het": 1.0,
  "memory": "hard",
  "probe": 15,
  "min_dormancy": 90
 },
 "post_react": {
  "A5-risp-erm": {
   "mean": 0.03214147557689178,
   "ci95": 0.0006957961875529838,
   "n": 20
  },
  "A6-risp-inv": {
   "mean": 0.030717997153885256,
   "ci95": 0.0006628605067218249,
   "n": 20
  },
  "A9-oracle-pinned": {
   "mean": 0.0320999429947128,
   "ci95": 0.0007707134239865939,
   "n": 20
  }
 },
 "overall": {
  "A5-risp-erm": {
   "mean": 0.02749966163249386,
   "ci95": 0.0006449774623038043,
   "n": 20
  },
  "A6-risp-inv": {
   "mean": 0.026016511393010526,
   "ci95": 0.0005872285030447526,
   "n": 20
  },
  "A9-oracle-pinned": {
   "mean": 0.027364655186026758,
   "ci95": 0.0006621142047071601,
   "n": 20
  }
 },
 "steady": {
  "A5-risp-erm": {
   "mean": 0.02644152916440845,
   "ci95": 0.0008388043586601907,
   "n": 20
  },
  "A6-risp-inv": {
   "mean": 0.02506796748629484,
   "ci95": 0.0007362638990010998,
   "n": 20
  },
  "A9-oracle-pinned": {
   "mean": 0.026239326908606142,
   "ci95": 0.0008782118127089631,
   "n": 20
  }
 },
 "raw": {
  "A5-risp-erm": {
   "overall": [
    0.028707166650820695,
    0.025635821630839477,
    0.028545352313830548,
    0.026170937642740984,
    0.028046467952511207,
    0.02688946713777598,
    0.028632451953854544,
    0.02629767847238956,
    0.027292472585069765,
    0.02697549531052944,
    0.02840434495268033,
    0.028914423786762736,
    0.029299151814248137,
    0.026839882619707635,
    0.02481008972795495,
    0.03070796508243612,
    0.026056158858049763,
    0.026343860236644534,
    0.026684664158201622,
    0.028739379762829274
   ],
   "post_react": [
    0.03214860106150707,
    0.03504876206034706,
    0.03198344289157629,
    0.0308109336682797,
    0.03051646843055737,
    0.03155802464296128,
    0.03275407117316662,
    0.034416485690460526,
    0.033131086481143664,
    0.03048514535870833,
    0.029712475541778884,
    0.02875776290859438,
    0.03349150454002524,
    0.03368426857058664,
    0.032747922998246325,
    0.030864804623949145,
    0.032498007199625034,
    0.03251864225175529,
    0.03232065749251996,
    0.033380443952046805
   ],
   "steady": [
    0.028018721272799068,
    0.02384668376599451,
    0.028232623327784506,
    0.02491730392833209,
    0.027724922700701694,
    0.025894936440341767,
    0.02772243889542886,
    0.02451352871594263,
    0.02610258620589406,
    0.026178483654318498,
    0.02804125270594698,
    0.028385333439078217,
    0.02835047126730967,
    0.025014665463256227,
    0.023322784408837994,
    0.030261499520311704,
    0.024453635639152253,
    0.024513073313861124,
    0.025393424257122224,
    0.027942214365754937
   ]
  },
  "A6-risp-inv": {
   "overall": [
    0.027150177036265127,
    0.02442211970194861,
    0.026487515142482924,
    0.02430224957294493,
    0.0269379833868074,
    0.025258174987231582,
    0.027122000409373438,
    0.025106806160363017,
    0.02564350674360597,
    0.025956705585388467,
    0.02676456281598738,
    0.026515904755454203,
    0.027566127529555937,
    0.024812546884894027,
    0.02385218756279892,
    0.029284346366667373,
    0.02477747493111429,
    0.025533046714099,
    0.025584399680217588,
    0.02725239189301028
   ],
   "post_react": [
    0.030068422836067622,
    0.03251626009681197,
    0.02959236596243756,
    0.029626805722694886,
    0.030434637884342707,
    0.0303841365560093,
    0.030748421254676618,
    0.032135309203462484,
    0.030912136754610717,
    0.029370867672037445,
    0.0288984181547885,
    0.0273193081825177,
    0.03387442232964666,
    0.031684781045088956,
    0.03290661063748491,
    0.030253818814173616,
    0.03046845634712442,
    0.03142254156069478,
    0.02989014627796802,
    0.031852075785066235
   ],
   "steady": [
    0.026613819523896458,
    0.023435681399081282,
    0.026083513942049837,
    0.022922560422618782,
    0.026469665764992347,
    0.02412432715432625,
    0.026466370857872113,
    0.02359646609836718,
    0.024519202312111726,
    0.025280913721071448,
    0.026329046821794943,
    0.025753012790302645,
    0.026332304192839325,
    0.0233754523457697,
    0.022137091072104674,
    0.02895468308886216,
    0.023584025581051424,
    0.023984160728238148,
    0.024917668197364806,
    0.026479383711181588
   ]
  },
  "A9-oracle-pinned": {
   "overall": [
    0.02866179761882102,
    0.02521201602969826,
    0.027290884750254128,
    0.025937130673340025,
    0.027790809700192286,
    0.02704631459951819,
    0.028983099242114046,
    0.026478174108075132,
    0.0264127454400272,
    0.027303905481370468,
    0.028490831741098413,
    0.028162159048221273,
    0.029863056771322352,
    0.026314720837721173,
    0.02491915441371072,
    0.030269609518585403,
    0.026610074562171963,
    0.026109979950126583,
    0.026244301761821777,
    0.029192337472344745
   ],
   "post_react": [
    0.03002801763647501,
    0.03475635461703568,
    0.030145945588551135,
    0.03136338457313392,
    0.03068987520977837,
    0.0311382163403074,
    0.03330565936296409,
    0.03319034957158302,
    0.031873839965904295,
    0.030842983461036554,
    0.02994793510845269,
    0.03002410918571109,
    0.035848168095860694,
    0.034161990744682104,
    0.032585317241403615,
    0.030876840469666215,
    0.03350071530658736,
    0.03392545427752003,
    0.0310280947265453,
    0.03276560841105734
   ],
   "steady": [
    0.02869914054069253,
    0.0234943231068134,
    0.02687842273798151,
    0.02444181709663417,
    0.02703141472286903,
    0.026147500977839088,
    0.02774163416454028,
    0.025211807197987664,
    0.024809948112482508,
    0.026230672539205344,
    0.028330325464772786,
    0.027254607968763108,
    0.028592025280697632,
    0.02463457148864838,
    0.023196063449738628,
    0.030116082767175652,
    0.02496000588251931,
    0.023611538791003348,
    0.02492769049041304,
    0.02847694539134538
   ]
  }
 },
 "welch_p": {
  "A6-risp-inv vs A5-risp-erm": 0.006125415861493902,
  "A6-risp-inv vs A9-oracle-pinned": 0.01133774327012406
 },
 "holm_p": {
  "A6-risp-inv vs A5-risp-erm": 0.012250831722987804,
  "A6-risp-inv vs A9-oracle-pinned": 0.012250831722987804
 }
}