{
 "0.0": {
  "post_react": {
   "A5-risp-erm": {
    "mean": 0.02997636201379556,
    "ci95": 0.0008021845298599211,
    "n": 20
   },
   "A6-risp-inv": {
    "mean": 0.029002087412851617,
    "ci95": 0.0007860582041817809,
    "n": 20
   },
   "A9-oracle-pinned": {
    "mean": 0.02997061609449663,
    "ci95": 0.0008076631488744593,
    "n": 20
   }
  },
  "overall": {
   "A5-risp-erm": {
    "mean": 0.025239463641013316,
    "ci95": 0.00033976278658121245,
    "n": 20
   },
   "A6-risp-inv": {
    "mean": 0.024110237204347046,
    "ci95": 0.00034156491951572705,
    "n": 20
   },
   "A9-oracle-pinned": {
    "mean": 0.025195213608011986,
    "ci95": 0.00033975547035727436,
    "n": 20
   }
  }
 },
 "0.5": {
  "post_react": {
   "A5-risp-erm": {
    "mean": 0.030732299043827477,
    "ci95": 0.0008063907865615686,
    "n": 20
   },
   "A6-risp-inv": {
    "mean": 0.029483129052664103,
    "ci95": 0.0007986111051365925,
    "n": 20
   },
   "A9-oracle-pinned": {
    "mean": 0.030666926612955614,
    "ci95": 0.0007257522822986693,
    "n": 20
   }
  },
  "overall": {
   "A5-risp-erm": {
    "mean": 0.025927487286717794,
    "ci95": 0.0004497129838359412,
    "n": 20
   },
   "A6-risp-inv": {
    "mean": 0.024651850308844293,
    "ci95": 0.00039973387339219785,
    "n": 20
   },
   "A9-oracle-pinned": {
    "mean": 0.025850229536921905,
    "ci95": 0.0004452866543735855,
    "n": 20
   }
  }
 },
 "1.0": {
  "post_react": {
   "A5-risp-erm": {
    "mean": 0.03214147557689178,
    "ci95": 0.0006957961875529838,
    "n": 20
   },
   "A6-risp-inv": {
    "mean": 0.030717997153885256,
    "ci95": 0.0006628605067218249,
    "n": 20
   },
   "A9-oracle-pinned": {
    "mean": 0.0320999429947128,
    "ci95": 0.0007707134239865939,
    "n": 20
   }
  },
  "overall": {
   "A5-risp-erm": {
    "mean": 0.02749966163249386,
    "ci95": 0.0006449774623038043,
    "n": 20
   },
   "A6-risp-inv": {
    "mean": 0.026016511393010526,
    "ci95": 0.0005872285030447526,
    "n": 20
   },
   "A9-oracle-pinned": {
    "mean": 0.027364655186026758,
    "ci95": 0.0006621142047071601,
    "n": 20
   }
  }
 },
 "1.5": {
  "post_react": {
   "A5-risp-erm": {
    "mean": 0.034591988991372245,
    "ci95": 0.0008702513123737676,
    "n": 20
   },
   "A6-risp-inv": {
    "mean": 0.032487309540049594,
    "ci95": 0.0009505887058120876,
    "n": 20
   },
   "A9-oracle-pinned": {
    "mean": 0.03418416965655728,
    "ci95": 0.0009363867001884645,
    "n": 20
   }
  },
  "overall": {
   "A5-risp-erm": {
    "mean": 0.029704732726227322,
    "ci95": 0.0009971690494479987,
    "n": 20
   },
   "A6-risp-inv": {
    "mean": 0.027907204469191333,
    "ci95": 0.0009122133963300396,
    "n": 20
   },
   "A9-oracle-pinned": {
    "mean": 0.0294260907676221,
    "ci95": 0.0009807460999033618,
    "n": 20
   }
  }
 },
 "2.0": {
  "post_react": {
   "A5-risp-erm": {
    "mean": 0.03749135954952361,
    "ci95": 0.001380124971279077,
    "n": 20
   },
   "A6-risp-inv": {
    "mean": 0.03511214789405958,
    "ci95": 0.0012373581876414443,
    "n": 20
   },
   "A9-oracle-pinned": {
    "mean": 0.03679150520167239,
    "ci95": 0.001645990344075743,
    "n": 20
   }
  },
  "overall": {
   "A5-risp-erm": {
    "mean": 0.0324686950685927,
    "ci95": 0.0014692993457392028,
    "n": 20
   },
   "A6-risp-inv": {
    "mean": 0.030177647489088726,
    "ci95": 0.0013152817207979764,
    "n": 20
   },
   "A9-oracle-pinned": {
    "mean": 0.0318551134665837,
    "ci95": 0.0015271036535267483,
    "n": 20
   }
  }
 }
}