{
 "config": {
  "seeds": 20,
  "K": 2,
  "het": 1.5,
  "memory": "hard",
  "probe": 15,
  "min_dormancy": 90
 },
 "post_react": {
  "A5-risp-erm": {
   "mean": 0.034591988991372245,
   "ci95": 0.0008702513123737676,
   "n": 20
  },
  "A6-risp-inv": {
   "mean": 0.032487309540049594,
   "ci95": 0.0009505887058120876,
   "n": 20
  },
  "A9-oracle-pinned": {
   "mean": 0.03418416965655728,
   "ci95": 0.0009363867001884645,
   "n": 20
  }
 },
 "overall": {
  "A5-risp-erm": {
   "mean": 0.029704732726227322,
   "ci95": 0.0009971690494479987,
   "n": 20
  },
  "A6-risp-inv": {
   "mean": 0.027907204469191333,
   "ci95": 0.0009122133963300396,
   "n": 20
  },
  "A9-oracle-pinned": {
   "mean": 0.0294260907676221,
   "ci95": 0.0009807460999033618,
   "n": 20
  }
 },
 "steady": {
  "A5-risp-erm": {
   "mean": 0.028566416244951393,
   "ci95": 0.0011490743937409662,
   "n": 20
  },
  "A6-risp-inv": {
   "mean": 0.027045048057072252,
   "ci95": 0.001040400079823433,
   "n": 20
  },
  "A9-oracle-pinned": {
   "mean": 0.02829049691030801,
   "ci95": 0.0011510517991899399,
   "n": 20
  }
 },
 "raw": {
  "A5-risp-erm": {
   "overall": [
    0.030545506766948727,
    0.026433030387072756,
    0.03087250871700477,
    0.027726352201256556,
    0.03059325795316758,
    0.027953043386279276,
    0.032097680464300546,
    0.028189738422550896,
    0.030046655829446454,
    0.02889547757661616,
    0.03156020056764925,
    0.030298028689704184,
    0.032247670382646636,
    0.029122444429127852,
    0.024975608264886266,
    0.03403603289452729,
    0.027483818363836395,
    0.028827126194537065,
    0.029130124260556996,
    0.033060348772430824
   ],
   "post_react": [
    0.033995059347408076,
    0.03642338434014261,
    0.032871644843369366,
    0.03198073105102464,
    0.03502413844750133,
    0.03364984702859576,
    0.036079785043466164,
    0.03758383368081343,
    0.03681777630881577,
    0.03183611874872393,
    0.033354732454965244,
    0.030201786777056556,
    0.03666212994901702,
    0.03459873817800428,
    0.033426499284275255,
    0.03413065040677316,
    0.034319240158356336,
    0.0353991810465389,
    0.0367770356725643,
    0.036707467060032854
   ],
   "steady": [
    0.030124029080723126,
    0.02458481872458264,
    0.03042144386740195,
    0.02674852168119782,
    0.03010558684948065,
    0.02692417329947364,
    0.03113709028973506,
    0.02636460954199109,
    0.028636023551352884,
    0.028311850991477976,
    0.03163672462609732,
    0.02935480849090215,
    0.0302986240884952,
    0.026935740292318055,
    0.02334297797546249,
    0.0334478369548912,
    0.025654471356276354,
    0.02751337315196689,
    0.027764110136055047,
    0.03202150994914629
   ]
  },
  "A6-risp-inv": {
   "overall": [
    0.02903381918128357,
    0.02518120852218953,
    0.02824350800045368,
    0.025594530857453134,
    0.028654470034939383,
    0.02613098825103406,
    0.029342536822202395,
    0.02677711454912872,
    0.027194739803827726,
    0.02817285236606785,
    0.02968917736819237,
    0.027907844419305577,
    0.030554025752569516,
    0.026894877807916388,
    0.024172505177547057,
    0.03260548271489866,
    0.026443569053276935,
    0.027559563227066833,
    0.026914604964366214,
    0.031076670510107034
   ],
   "post_react": [
    0.031486621724530275,
    0.03543138452863946,
    0.030912525670297362,
    0.03035887515783287,
    0.03244083872793527,
    0.031304305220992035,
    0.03298467963451707,
    0.03440284061318966,
    0.03270984784718897,
    0.02926135599186042,
    0.03218464079086333,
    0.027847494592355408,
    0.03742556943653587,
    0.03261030119480531,
    0.032809472370525,
    0.03259657151388955,
    0.03130537601004294,
    0.03446081597400222,
    0.03238225446013818,
    0.034830419340850786
   ],
   "steady": [
    0.028679417106360548,
    0.02404612118634042,
    0.02773617384710412,
    0.02421017138098393,
    0.028290571036710357,
    0.02514110300867954,
    0.028545728613341256,
    0.025674168831568107,
    0.02592615003309091,
    0.02786438693020941,
    0.02972737448578881,
    0.027197592864104697,
    0.02882368327278707,
    0.026016785003049697,
    0.022716583952840284,
    0.032556183970238906,
    0.025257307084011808,
    0.025930301587108576,
    0.026328366444723264,
    0.030232790502403368
   ]
  },
  "A9-oracle-pinned": {
   "overall": [
    0.031174719915337493,
    0.026444174020395204,
    0.028833589253910705,
    0.026995360898800332,
    0.030008343417700707,
    0.028543625116657503,
    0.03130478594295093,
    0.028016957342145564,
    0.028411517562044263,
    0.02936610127197682,
    0.030581842473481422,
    0.03009150707017367,
    0.03299914533018502,
    0.02788515161264064,
    0.025367620467483577,
    0.033621677271043565,
    0.02847744612624955,
    0.028286842700084,
    0.028735485513688673,
    0.03337592204549235
   ],
   "post_react": [
    0.03173011569948303,
    0.038226668429112855,
    0.032795522454282744,
    0.03272414568617531,
    0.03341953275553437,
    0.03251280507747539,
    0.033817732372606574,
    0.0358011333546099,
    0.03443713951675674,
    0.031395011384547505,
    0.03181577730347383,
    0.03158085871044962,
    0.03843138769529609,
    0.03443144974227145,
    0.033914797418666945,
    0.035592763676469054,
    0.03413325837836829,
    0.036437204081575095,
    0.033443941643948726,
    0.03704214775004199
   ],
   "steady": [
    0.03154573998449078,
    0.024481695888952503,
    0.028571368875549785,
    0.025257160841376296,
    0.028957337983894556,
    0.027461300282387413,
    0.030011091164982986,
    0.026673705686110653,
    0.026583535052657436,
    0.02866886861306124,
    0.031039409398166466,
    0.02893820367280999,
    0.03121636218202587,
    0.026634290300350836,
    0.02356035101608786,
    0.03314153653087293,
    0.02701666423617693,
    0.02619404900156558,
    0.0276550055294001,
    0.03220226196523991
   ]
  }
 },
 "welch_p": {
  "A6-risp-inv vs A5-risp-erm": 0.0027802285968261367,
  "A6-risp-inv vs A9-oracle-pinned": 0.017161493415050157
 },
 "holm_p": {
  "A6-risp-inv vs A5-risp-erm": 0.0055604571936522735,
  "A6-risp-inv vs A9-oracle-pinned": 0.017161493415050157
 }
}