{
 "config": {
  "seeds": 20,
  "K": 2,
  "het": 0.0,
  "memory": "hard",
  "probe": 15,
  "min_dormancy": 90
 },
 "post_react": {
  "A5-risp-erm": {
   "mean": 0.02997636201379556,
   "ci95": 0.0008021845298599211,
   "n": 20
  },
  "A6-risp-inv": {
   "mean": 0.029002087412851617,
   "ci95": 0.0007860582041817809,
   "n": 20
  },
  "A9-oracle-pinned": {
   "mean": 0.02997061609449663,
   "ci95": 0.0008076631488744593,
   "n": 20
  }
 },
 "overall": {
  "A5-risp-erm": {
   "mean": 0.025239463641013316,
   "ci95": 0.00033976278658121245,
   "n": 20
  },
  "A6-risp-inv": {
   "mean": 0.024110237204347046,
   "ci95": 0.00034156491951572705,
   "n": 20
  },
  "A9-oracle-pinned": {
   "mean": 0.025195213608011986,
   "ci95": 0.00033975547035727436,
   "n": 20
  }
 },
 "steady": {
  "A5-risp-erm": {
   "mean": 0.02422836423582244,
   "ci95": 0.0005197350307581579,
   "n": 20
  },
  "A6-risp-inv": {
   "mean": 0.023149283516096075,
   "ci95": 0.0005511156048247916,
   "n": 20
  },
  "A9-oracle-pinned": {
   "mean": 0.02412529635006046,
   "ci95": 0.0005451160836802261,
   "n": 20
  }
 },
 "raw": {
  "A5-risp-erm": {
   "overall": [
    0.025709066253937464,
    0.024843704354168945,
    0.025676156702185142,
    0.024269836360438616,
    0.026096233071162732,
    0.025319970868818827,
    0.024984568139549298,
    0.02484586281167431,
    0.024858986241902067,
    0.02567490542237011,
    0.02551410904896309,
    0.026359456631924637,
    0.02542704798654532,
    0.024140642115187315,
    0.02453520612860985,
    0.027247390152734037,
    0.024714738157503847,
    0.024335248196558353,
    0.024674526902102572,
    0.025561617273929756
   ],
   "post_react": [
    0.029152160141552107,
    0.03423036156433734,
    0.03227044315659146,
    0.02878041341335836,
    0.028201242691046895,
    0.029388192725238845,
    0.027725003375360577,
    0.030315316707402826,
    0.030025458750524,
    0.02881774617544535,
    0.027373622557069016,
    0.027775405741309957,
    0.031383385415131713,
    0.031378486355272614,
    0.0320837902044265,
    0.0279066371504653,
    0.03106843189319206,
    0.029777731306990633,
    0.030306938460129034,
    0.03156647249106662
   ],
   "steady": [
    0.025091103426466938,
    0.02315739559714973,
    0.025128023510635762,
    0.02294835016219668,
    0.025889673516977355,
    0.02439492429013086,
    0.024467389561350122,
    0.023488712407432763,
    0.023818149906464914,
    0.025210094907357185,
    0.024755255217870642,
    0.02562089182808907,
    0.02432968030659323,
    0.022595387159068617,
    0.022604654691348248,
    0.026827276367594275,
    0.023402081317660025,
    0.02280985156270674,
    0.023387385201730698,
    0.024641003777624935
   ]
  },
  "A6-risp-inv": {
   "overall": [
    0.024798837902909765,
    0.02362286437644873,
    0.024235168112616494,
    0.023229478020411937,
    0.024830841417639322,
    0.02438758765550813,
    0.02421192742433567,
    0.02361461309195705,
    0.023879226654593286,
    0.024083349409297572,
    0.024280672766338097,
    0.025136858136353912,
    0.02485806754877519,
    0.023278054653008348,
    0.023300529282336165,
    0.02624973086822001,
    0.02338249224677759,
    0.023242515501990392,
    0.023595071413212466,
    0.023986857604210755
   ],
   "post_react": [
    0.029735202093318338,
    0.03207141648211884,
    0.028580234248929037,
    0.028357138122353666,
    0.0268059339468946,
    0.02931310661911054,
    0.0279570754736245,
    0.028753285946218222,
    0.029821926006618444,
    0.027486665225830226,
    0.02615288942935088,
    0.026405792874216027,
    0.03181244266924907,
    0.03223420196540763,
    0.031047023906114666,
    0.027192884121348182,
    0.029671921145632593,
    0.02937811599702065,
    0.028671746582367076,
    0.028592745401309218
   ],
   "steady": [
    0.024022293800010017,
    0.022062561912714437,
    0.024008285215387646,
    0.021588889903865805,
    0.02473462393535312,
    0.023641320127792232,
    0.023735696231458152,
    0.022227780697196296,
    0.022604077129039706,
    0.023513924486681003,
    0.023696557180952,
    0.024653457413041854,
    0.023669409953903393,
    0.021459269955950815,
    0.02151471027523582,
    0.025949540913248404,
    0.022387845459966405,
    0.02130895635365298,
    0.022669286370014752,
    0.023537183006456623
   ]
  },
  "A9-oracle-pinned": {
   "overall": [
    0.025436158212279594,
    0.025098309870850495,
    0.02559862143127914,
    0.024323738161568326,
    0.02573306922867407,
    0.025535624225746408,
    0.025706600961150072,
    0.024806935355251847,
    0.024866100327251686,
    0.02525886901752181,
    0.02565883864833231,
    0.026450670749075724,
    0.026003939123879445,
    0.024387263583889186,
    0.024238657882453385,
    0.026898857811065,
    0.024481372642346615,
    0.023971391352224918,
    0.02446640693048282,
    0.024982846644916828
   ],
   "post_react": [
    0.028481398549973475,
    0.034001818512812955,
    0.031114216357925453,
    0.028895330698276992,
    0.0280377242176183,
    0.030235646175348053,
    0.030343688684966723,
    0.03092341694606028,
    0.030438261132444817,
    0.02904265763055765,
    0.027556765874460976,
    0.027162757014993388,
    0.032538687244485505,
    0.03180063654604808,
    0.03177974875223905,
    0.02727813221111869,
    0.03155839710408066,
    0.029372830977725382,
    0.02949344780614272,
    0.029356759452653515
   ],
   "steady": [
    0.024664120402043695,
    0.023421515429087325,
    0.024895953888902433,
    0.02281886505140186,
    0.025549267260337308,
    0.024563158601675957,
    0.02481471356298623,
    0.023115496436499683,
    0.023586231861909158,
    0.024378965679506474,
    0.02505126570143824,
    0.025944347015469195,
    0.02438425836883304,
    0.022636012349905338,
    0.02247474552182886,
    0.026839928306506795,
    0.023028801626091826,
    0.022118381068233033,
    0.0236291717158856,
    0.02459072715266714
   ]
  }
 },
 "welch_p": {
  "A6-risp-inv vs A5-risp-erm": 0.09725905424048431,
  "A6-risp-inv vs A9-oracle-pinned": 0.10031876880001007
 },
 "holm_p": {
  "A6-risp-inv vs A5-risp-erm": 0.19451810848096862,
  "A6-risp-inv vs A9-oracle-pinned": 0.19451810848096862
 }
}