{
 "config": {
  "seeds": 20,
  "K": 2,
  "het": 2.0,
  "memory": "hard",
  "probe": 15,
  "min_dormancy": 90
 },
 "post_react": {
  "A5-risp-erm": {
   "mean": 0.03749135954952361,
   "ci95": 0.001380124971279077,
   "n": 20
  },
  "A6-risp-inv": {
   "mean": 0.03511214789405958,
   "ci95": 0.0012373581876414443,
   "n": 20
  },
  "A9-oracle-pinned": {
   "mean": 0.03679150520167239,
   "ci95": 0.001645990344075743,
   "n": 20
  }
 },
 "overall": {
  "A5-risp-erm": {
   "mean": 0.0324686950685927,
   "ci95": 0.0014692993457392028,
   "n": 20
  },
  "A6-risp-inv": {
   "mean": 0.030177647489088726,
   "ci95": 0.0013152817207979764,
   "n": 20
  },
  "A9-oracle-pinned": {
   "mean": 0.0318551134665837,
   "ci95": 0.0015271036535267483,
   "n": 20
  }
 },
 "steady": {
  "A5-risp-erm": {
   "mean": 0.031202561464989474,
   "ci95": 0.0015936874981131183,
   "n": 20
  },
  "A6-risp-inv": {
   "mean": 0.029229317099428977,
   "ci95": 0.0014802221001771361,
   "n": 20
  },
  "A9-oracle-pinned": {
   "mean": 0.03066680960372019,
   "ci95": 0.0016603490100343275,
   "n": 20
  }
 },
 "raw": {
  "A5-risp-erm": {
   "overall": [
    0.032699645480157934,
    0.02789660749447387,
    0.03379036022537676,
    0.029681407918003645,
    0.032447611461886024,
    0.029434488108279762,
    0.036611373606043336,
    0.03057691869840555,
    0.03305316078049637,
    0.0314616581021815,
    0.03563709683560771,
    0.032021894257702764,
    0.0362203366457342,
    0.03243466265933888,
    0.026195738464021016,
    0.038322503335590986,
    0.029450650105862463,
    0.030800745114536468,
    0.03173348865351091,
    0.038903553424643925
   ],
   "post_react": [
    0.03589895417655879,
    0.03947883323909208,
    0.036803444141103425,
    0.03374304830394528,
    0.03573672508597865,
    0.034020995352552014,
    0.04224857935448724,
    0.04265382251928026,
    0.03957665174866204,
    0.03223096393811324,
    0.03812624274681423,
    0.0313741041827226,
    0.04034156597775643,
    0.03798783591387546,
    0.035771750541246004,
    0.03863253247418348,
    0.03690112647570455,
    0.038488456123702296,
    0.03796623561008964,
    0.04184532308460441
   ],
   "steady": [
    0.03159584659302024,
    0.0256273034105941,
    0.03272451610936636,
    0.028406937532046758,
    0.032365325599261724,
    0.028290065399043926,
    0.034919788110403256,
    0.028355355455027306,
    0.031915762218087534,
    0.03177625743585378,
    0.0358203001535773,
    0.03092486509442655,
    0.03393926053632883,
    0.03023021931543221,
    0.024431038103398143,
    0.03753844847261913,
    0.027253917239188945,
    0.029465785759432157,
    0.030739890460362126,
    0.037730346302319154
   ]
  },
  "A6-risp-inv": {
   "overall": [
    0.031012286656384523,
    0.026146693235254148,
    0.030548134576556727,
    0.027378238281777597,
    0.030868508869475737,
    0.027439674584861757,
    0.03251380079709972,
    0.02881133900882879,
    0.02924533651630417,
    0.030470231180055974,
    0.03324988127985928,
    0.028986224704873043,
    0.0336235383604967,
    0.029487573434461317,
    0.024570297551408122,
    0.03633909434311382,
    0.02828525086581915,
    0.029538991599105547,
    0.029173439131603696,
    0.035864414804434835
   ],
   "post_react": [
    0.03334147523243771,
    0.038596851151760286,
    0.03279500844369985,
    0.03193092510096488,
    0.0342125023328685,
    0.03279260951523,
    0.036813915170838006,
    0.03917252119056912,
    0.03429810450933534,
    0.03180177540962803,
    0.03633707477823017,
    0.029196978389412025,
    0.03902837211845289,
    0.03464176725003197,
    0.03451183008069427,
    0.03643599013163331,
    0.03365892197324069,
    0.03751575561691153,
    0.03542935998788901,
    0.03973121949736388
   ],
   "steady": [
    0.030597036604035052,
    0.02466417661131254,
    0.029603304247686923,
    0.026139916160000234,
    0.03063480643578138,
    0.02610774522347957,
    0.031542143893195596,
    0.02731485932757259,
    0.02804596404224511,
    0.03027132161033995,
    0.033445030754320364,
    0.028385403563702092,
    0.03175662798215238,
    0.028501844045088844,
    0.022941346582923714,
    0.03680574179331278,
    0.026782424046345482,
    0.02769819027083082,
    0.028633746323453765,
    0.034714712470800276
   ]
  },
  "A9-oracle-pinned": {
   "overall": [
    0.033700758406590474,
    0.027396601561745792,
    0.030560317854479303,
    0.028636451290048135,
    0.03224792121110673,
    0.030130663232507696,
    0.03441125872708206,
    0.03011400647189529,
    0.02993453359249683,
    0.03174629957993134,
    0.03405294658669688,
    0.03167736852584588,
    0.03678183817002353,
    0.02998450137021246,
    0.025834667420136587,
    0.03787700033661891,
    0.030759374349958523,
    0.0300851371494916,
    0.03102135490286721,
    0.040149268591938764
   ],
   "post_react": [
    0.033071363728017444,
    0.04240412912681732,
    0.03315939296204898,
    0.03354096415297434,
    0.03703176754647058,
    0.03238103252471103,
    0.03655717191070153,
    0.0388150368471415,
    0.03591749115800421,
    0.03237110030809782,
    0.03626090127105399,
    0.032982047086207146,
    0.04365664021350967,
    0.03583900878212552,
    0.03389094930692419,
    0.041093786623091794,
    0.036500284013050104,
    0.040019389005690575,
    0.03617748513920062,
    0.04416016232760956
   ],
   "steady": [
    0.03452694463264071,
    0.02500822733802201,
    0.030302029992269844,
    0.026846458125743287,
    0.03104008218711678,
    0.029200300322775808,
    0.03279518188187832,
    0.02901907559375648,
    0.02782114293148813,
    0.03125654181740933,
    0.034503339747772754,
    0.030469838768646534,
    0.034865089370050825,
    0.02875679640281345,
    0.024358742512496492,
    0.0371635448190852,
    0.028801496497275352,
    0.027804416058929877,
    0.03018494107489418,
    0.03861200199933844
   ]
  }
 },
 "welch_p": {
  "A6-risp-inv vs A5-risp-erm": 0.016276082791026228,
  "A6-risp-inv vs A9-oracle-pinned": 0.1188628925225255
 },
 "holm_p": {
  "A6-risp-inv vs A5-risp-erm": 0.032552165582052456,
  "A6-risp-inv vs A9-oracle-pinned": 0.1188628925225255
 }
}