{
 "beta_sweep": {
  "0.0": {
   "mean": 0.0355527439148461,
   "ci95": 0.0010677774934939135,
   "raw": [
    0.03501891072341897,
    0.037693844808936595,
    0.04091155365502261,
    0.0331625254086424,
    0.03772049628829443,
    0.03538185619029285,
    0.03497833991759018,
    0.03638062227089338,
    0.035751760211989725,
    0.03532685048565864,
    0.03409214610892276,
    0.028832661925535005,
    0.039249687088603845,
    0.03472650378719218,
    0.034289491041901,
    0.03494357640490222,
    0.034053968988315156,
    0.03600417595699881,
    0.03573707043966953,
    0.03679883659414169
   ]
  },
  "0.25": {
   "mean": 0.030900903061321643,
   "ci95": 0.0007915298584245196,
   "raw": [
    0.029032966425916757,
    0.03409504245867922,
    0.028868441263861816,
    0.02884910284904909,
    0.02990427971669108,
    0.03017956417891541,
    0.030240193902816372,
    0.03340629808373616,
    0.03233849374916998,
    0.029397033808980635,
    0.030282582534982668,
    0.02775966800117344,
    0.0344521005583501,
    0.031852640718489755,
    0.03164495382975571,
    0.03068573432888799,
    0.03126663756961653,
    0.03144290306553732,
    0.03005117649015108,
    0.03226824769167179
   ]
  },
  "1.0": {
   "mean": 0.030717997153885256,
   "ci95": 0.0006628605067218249,
   "raw": [
    0.030068422836067622,
    0.03251626009681197,
    0.02959236596243756,
    0.029626805722694886,
    0.030434637884342707,
    0.0303841365560093,
    0.030748421254676618,
    0.032135309203462484,
    0.030912136754610717,
    0.029370867672037445,
    0.0288984181547885,
    0.0273193081825177,
    0.03387442232964666,
    0.031684781045088956,
    0.03290661063748491,
    0.030253818814173616,
    0.03046845634712442,
    0.03142254156069478,
    0.02989014627796802,
    0.031852075785066235
   ]
  },
  "4.0": {
   "mean": 0.031704862982103336,
   "ci95": 0.0007588442604270064,
   "raw": [
    0.03008171334190459,
    0.033487738648775515,
    0.032001237027174445,
    0.030188607330983074,
    0.03064308448145547,
    0.03203724668026987,
    0.03249286963126151,
    0.03171498415788025,
    0.03144321557122077,
    0.028848876902679173,
    0.02955710557269641,
    0.028847861227143914,
    0.035629569629654856,
    0.03384461459875006,
    0.03391815841522566,
    0.03183056103724163,
    0.03197257372591133,
    0.03249285779844643,
    0.031887749640452503,
    0.031176634222939325
   ]
  },
  "16.0": {
   "mean": 0.03521882619741972,
   "ci95": 0.0006458995718615621,
   "raw": [
    0.033707154261030665,
    0.03579814438787739,
    0.03563151030098428,
    0.034122002104688104,
    0.033501323170629156,
    0.03491800094186332,
    0.03585085204793727,
    0.03653352490443756,
    0.034673939602238586,
    0.03404364247547725,
    0.0348065595458178,
    0.03264827376948509,
    0.03841161142227367,
    0.03823815523620072,
    0.03471766330462051,
    0.035247130871555316,
    0.03651218497817604,
    0.03502371866528077,
    0.03606237917795819,
    0.03392875277986288
   ]
  }
 },
 "Wc_sweep": {
  "1": {
   "mean": 0.03033444261428194,
   "ci95": 0.0007563473455453705,
   "raw": [
    0.029427147727185677,
    0.033018671110947945,
    0.029960865798778033,
    0.029547535655907155,
    0.030357578119636356,
    0.02979360933544122,
    0.031001431356151375,
    0.03132833096308073,
    0.03178466735134893,
    0.028045675451798858,
    0.027099361257263727,
    0.027506018022340203,
    0.03337780473585109,
    0.03274342065243111,
    0.032087486357038446,
    0.029086292310571478,
    0.02965656238055998,
    0.03024708379539825,
    0.030535361901338928,
    0.030083948002569413
   ]
  },
  "5": {
   "mean": 0.03056622802994128,
   "ci95": 0.0006943418250502975,
   "raw": [
    0.029708326687008152,
    0.03303074515119379,
    0.030870016753233136,
    0.030520026074098983,
    0.03103089206001532,
    0.03017109199980245,
    0.030913950753413997,
    0.030892485585921232,
    0.03137059420190017,
    0.02902709325240155,
    0.027379332372707486,
    0.027659774469291933,
    0.033732546637746184,
    0.03231096363866775,
    0.032301671730857046,
    0.02981845719055547,
    0.029363897299010858,
    0.030885006856997736,
    0.0303448552522612,
    0.029992832631741143
   ]
  },
  "20": {
   "mean": 0.030717997153885256,
   "ci95": 0.0006628605067218249,
   "raw": [
    0.030068422836067622,
    0.03251626009681197,
    0.02959236596243756,
    0.029626805722694886,
    0.030434637884342707,
    0.0303841365560093,
    0.030748421254676618,
    0.032135309203462484,
    0.030912136754610717,
    0.029370867672037445,
    0.0288984181547885,
    0.0273193081825177,
    0.03387442232964666,
    0.031684781045088956,
    0.03290661063748491,
    0.030253818814173616,
    0.03046845634712442,
    0.03142254156069478,
    0.02989014627796802,
    0.031852075785066235
   ]
  },
  "60": {
   "mean": 0.030898323525507816,
   "ci95": 0.0007005169556663634,
   "raw": [
    0.029955634420624776,
    0.03308626282108581,
    0.03006680815198292,
    0.029616198722904018,
    0.030580524251003525,
    0.030433476705364264,
    0.029096954125328842,
    0.03318251384725395,
    0.032705909189666794,
    0.02950359340623603,
    0.0284913152740705,
    0.028071931589945212,
    0.033782880265029784,
    0.03139303758850029,
    0.030984396406442526,
    0.03034854930221403,
    0.031781088735676824,
    0.0316358702811484,
    0.030758189040444497,
    0.03249133638523322
   ]
  }
 },
 "lambda": {
  "0.0": {
   "mean": 0.03140931676198244,
   "ci95": 0.0008162705167681609,
   "raw": [
    0.029545859104856114,
    0.03403701592698804,
    0.032780116665231236,
    0.0296411872388639,
    0.03118028428454072,
    0.030074741240246682,
    0.0299642647520818,
    0.03467020174530374,
    0.0334047411927551,
    0.029439189851961582,
    0.029498278365324065,
    0.02923242634823425,
    0.0346199954131839,
    0.03293777495970956,
    0.031506673097460754,
    0.03223404167177753,
    0.031062496797345542,
    0.030564311316425386,
    0.029311816152539447,
    0.03248091911481961
   ]
  },
  "0.3": {
   "mean": 0.030717997153885256,
   "ci95": 0.0006628605067218249,
   "raw": [
    0.030068422836067622,
    0.03251626009681197,
    0.02959236596243756,
    0.029626805722694886,
    0.030434637884342707,
    0.0303841365560093,
    0.030748421254676618,
    0.032135309203462484,
    0.030912136754610717,
    0.029370867672037445,
    0.0288984181547885,
    0.0273193081825177,
    0.03387442232964666,
    0.031684781045088956,
    0.03290661063748491,
    0.030253818814173616,
    0.03046845634712442,
    0.03142254156069478,
    0.02989014627796802,
    0.031852075785066235
   ]
  }
 },
 "pinning": {
  "pinned": {
   "mean": 0.030717997153885256,
   "ci95": 0.0006628605067218249,
   "raw": [
    0.030068422836067622,
    0.03251626009681197,
    0.02959236596243756,
    0.029626805722694886,
    0.030434637884342707,
    0.0303841365560093,
    0.030748421254676618,
    0.032135309203462484,
    0.030912136754610717,
    0.029370867672037445,
    0.0288984181547885,
    0.0273193081825177,
    0.03387442232964666,
    0.031684781045088956,
    0.03290661063748491,
    0.030253818814173616,
    0.03046845634712442,
    0.03142254156069478,
    0.02989014627796802,
    0.031852075785066235
   ]
  },
  "never": {
   "mean": 0.031974775100163756,
   "ci95": 0.0009214086958393377,
   "raw": [
    0.031183183044301205,
    0.03678243197275582,
    0.028427881586257763,
    0.029364312961004533,
    0.031199672045774,
    0.03154352469942681,
    0.03243094655194251,
    0.0342158553969468,
    0.03119132781474347,
    0.03047447512925517,
    0.030350135514850038,
    0.03039828502238608,
    0.03673050968757461,
    0.032250833117870505,
    0.03231629439355343,
    0.03101219234373976,
    0.031923461977972634,
    0.03349387025755822,
    0.03148733611879342,
    0.032718972366568295
   ]
  }
 }
}