{
 "0.5": {
  "post_react": {
   "A1-monolith-erm": {
    "mean": 0.037784510485585,
    "ci95": 0.0007724705194829036,
    "n": 20
   },
   "A6-risp-inv": {
    "mean": 0.03465541929260806,
    "ci95": 0.0007260925048560008,
    "n": 20
   },
   "A9-oracle-pinned": {
    "mean": 0.03584169292115845,
    "ci95": 0.0006808750045017837,
    "n": 20
   }
  },
  "steady": {
   "A1-monolith-erm": {
    "mean": 0.02962660265657326,
    "ci95": 0.0005662638203969961,
    "n": 20
   },
   "A6-risp-inv": {
    "mean": 0.0288990089834625,
    "ci95": 0.0006570098176184085,
    "n": 20
   },
   "A9-oracle-pinned": {
    "mean": 0.03000207347120561,
    "ci95": 0.0006849692064797453,
    "n": 20
   }
  }
 },
 "1.0": {
  "post_react": {
   "A1-monolith-erm": {
    "mean": 0.0342431540125039,
    "ci95": 0.000946702684306537,
    "n": 20
   },
   "A6-risp-inv": {
    "mean": 0.030717997153885256,
    "ci95": 0.0006628605067218249,
    "n": 20
   },
   "A9-oracle-pinned": {
    "mean": 0.0320999429947128,
    "ci95": 0.0007707134239865939,
    "n": 20
   }
  },
  "steady": {
   "A1-monolith-erm": {
    "mean": 0.02458515478833178,
    "ci95": 0.0005753729545831734,
    "n": 20
   },
   "A6-risp-inv": {
    "mean": 0.02506796748629484,
    "ci95": 0.0007362638990010998,
    "n": 20
   },
   "A9-oracle-pinned": {
    "mean": 0.026239326908606142,
    "ci95": 0.0008782118127089631,
    "n": 20
   }
  }
 },
 "2.0": {
  "post_react": {
   "A1-monolith-erm": {
    "mean": 0.029897967329104064,
    "ci95": 0.0007451748099222052,
    "n": 20
   },
   "A6-risp-inv": {
    "mean": 0.027790875200538558,
    "ci95": 0.0011703457269875335,
    "n": 20
   },
   "A9-oracle-pinned": {
    "mean": 0.029076681918295176,
    "ci95": 0.0012112602524993283,
    "n": 20
   }
  },
  "steady": {
   "A1-monolith-erm": {
    "mean": 0.018779415987429625,
    "ci95": 0.0006224622342927698,
    "n": 20
   },
   "A6-risp-inv": {
    "mean": 0.02272682321675939,
    "ci95": 0.0010979428898138825,
    "n": 20
   },
   "A9-oracle-pinned": {
    "mean": 0.023689137985640752,
    "ci95": 0.0012803421478577957,
    "n": 20
   }
  }
 },
 "4.0": {
  "post_react": {
   "A1-monolith-erm": {
    "mean": 0.027326958810107937,
    "ci95": 0.0006971700095709142,
    "n": 20
   },
   "A6-risp-inv": {
    "mean": 0.030893649124197793,
    "ci95": 0.002652825695657406,
    "n": 20
   },
   "A9-oracle-pinned": {
    "mean": 0.032099973070617745,
    "ci95": 0.002829200474898192,
    "n": 20
   }
  },
  "steady": {
   "A1-monolith-erm": {
    "mean": 0.014802959488621694,
    "ci95": 0.0009142658418305569,
    "n": 20
   },
   "A6-risp-inv": {
    "mean": 0.025772402447844196,
    "ci95": 0.0021662786641900612,
    "n": 20
   },
   "A9-oracle-pinned": {
    "mean": 0.026604888249772446,
    "ci95": 0.0025046015916099762,
    "n": 20
   }
  }
 },
 "8.0": {
  "post_react": {
   "A1-monolith-erm": {
    "mean": 0.032860179387532315,
    "ci95": 0.001545779981484689,
    "n": 20
   },
   "A6-risp-inv": {
    "mean": 0.04905371123691183,
    "ci95": 0.006195009768323104,
    "n": 20
   },
   "A9-oracle-pinned": {
    "mean": 0.04939291759579882,
    "ci95": 0.006293161873073267,
    "n": 20
   }
  },
  "steady": {
   "A1-monolith-erm": {
    "mean": 0.015936421486320334,
    "ci95": 0.002099363378798757,
    "n": 20
   },
   "A6-risp-inv": {
    "mean": 0.04117121678804507,
    "ci95": 0.004650876832314663,
    "n": 20
   },
   "A9-oracle-pinned": {
    "mean": 0.04194424211007999,
    "ci95": 0.005346218177125607,
    "n": 20
   }
  }
 }
}