{
 "real_mean_regret": 0.018171520262973605,
 "shuffled_mean_regret": 0.018331887168346227,
 "pooled_mean_regret": 0.01815336721068467,
 "gap_pct": 0.8747975802555732,
 "cond_vs_pooled_pct": -0.09999826521026386,
 "z_vs_shuffled": 2.2440102434329297,
 "p_one_sided": 4.609310943748884e-21,
 "n_shuffle": 50,
 "split_half": {
  "first_half": {
   "gap_pct": 0.8566981989749743,
   "z": 1.321667163203945
  },
  "second_half": {
   "gap_pct": 0.8920625264831054,
   "z": 1.6678384060433094
  }
 },
 "regime_counts": {
  "0": 5694,
  "1": 2114,
  "2": 452,
  "3": 706
 },
 "PASS": false
}