{
 "config": {
  "seeds": 10,
  "K": 2,
  "memory": "hard",
  "dd_thresh": 0.15,
  "seeding": "1311*s+17",
  "arms": [
   "A1-monolith-erm",
   "A9-oracle-pinned"
  ],
  "cells": [
   [
    5,
    90
   ],
   [
    10,
    90
   ],
   [
    15,
    90
   ],
   [
    30,
    90
   ],
   [
    15,
    60
   ],
   [
    15,
    120
   ]
  ],
  "diag": {
   "0": {
    "n_react": 230,
    "median": 4.0,
    "max": 453,
    "n_ge90": 7
   },
   "1": {
    "n_react": 247,
    "median": 6.0,
    "max": 638,
    "n_ge90": 23
   },
   "2": {
    "n_react": 39,
    "median": 5.0,
    "max": 2953,
    "n_ge90": 5
   },
   "3": {
    "n_react": 64,
    "median": 5.0,
    "max": 1957,
    "n_ge90": 13
   }
  },
  "design": "shared trajectories; probe/min_dormancy are measurement-only (Addendum J D8)",
  "prereg": "Addendum J D8, spec commit c742c5c"
 },
 "cells": {
  "probe5_dorm90": {
   "probe": 5,
   "min_dormancy": 90,
   "n_react": 27,
   "gamma_A1_minus_A9": {
    "mean": 0.0013428347254781751,
    "ci95": 0.0005414955172059121,
    "positive_significant": true
   },
   "post_react_A1": {
    "mean": 0.025305880108685036,
    "ci95": 0.0004103555524697509
   },
   "post_react_A9": {
    "mean": 0.023963045383206864,
    "ci95": 0.0003895511502079647
   },
   "raw_gamma_per_seed": [
    0.0006331494514428479,
    0.0010239657742192182,
    0.0005089014815459099,
    0.000735129880405104,
    0.0029117592858212554,
    0.0012286843773302754,
    0.0004108597776237878,
    0.002343541598793384,
    0.002267113798061899,
    0.0013652418295380699
   ]
  },
  "probe10_dorm90": {
   "probe": 10,
   "min_dormancy": 90,
   "n_react": 27,
   "gamma_A1_minus_A9": {
    "mean": 0.0012417749465026232,
    "ci95": 0.00033093962466139334,
    "positive_significant": true
   },
   "post_react_A1": {
    "mean": 0.023617850200492254,
    "ci95": 0.0002592452803357042
   },
   "post_react_A9": {
    "mean": 0.022376075253989637,
    "ci95": 0.00025723450832053135
   },
   "raw_gamma_per_seed": [
    0.0009689627238583486,
    0.0012148236445784916,
    0.0004055344602131236,
    0.0011657051163612847,
    0.0023481607361324312,
    0.0010003899950882696,
    0.0009318658224050751,
    0.0018031295388831886,
    0.001080422096047924,
    0.0014987553314580945
   ]
  },
  "probe15_dorm90": {
   "probe": 15,
   "min_dormancy": 90,
   "n_react": 27,
   "gamma_A1_minus_A9": {
    "mean": 0.0010997445271587734,
    "ci95": 0.0002550151352375189,
    "positive_significant": true
   },
   "post_react_A1": {
    "mean": 0.022521137859242875,
    "ci95": 0.00020613421384757616
   },
   "post_react_A9": {
    "mean": 0.0214213933320841,
    "ci95": 0.00014266172508139486
   },
   "raw_gamma_per_seed": [
    0.0012449571446164348,
    0.0012890235642767818,
    0.00011945005908773829,
    0.0012948078866552026,
    0.0016885590594806835,
    0.0013145429222164683,
    0.001034414511313822,
    0.0011219413374194895,
    0.0008398548974301034,
    0.0010498938890910088
   ]
  },
  "probe30_dorm90": {
   "probe": 30,
   "min_dormancy": 90,
   "n_react": 27,
   "gamma_A1_minus_A9": {
    "mean": 0.0005735520021589446,
    "ci95": 0.00010793412662409742,
    "positive_significant": true
   },
   "post_react_A1": {
    "mean": 0.021716233891453468,
    "ci95": 0.0001225676359331505
   },
   "post_react_A9": {
    "mean": 0.021142681889294523,
    "ci95": 9.405656462848094e-05
   },
   "raw_gamma_per_seed": [
    0.0007413503172585857,
    0.0007723684777984595,
    0.00028189964074478227,
    0.0006392656978353034,
    0.0005462111922526804,
    0.0006508263496137583,
    0.0006893480971427307,
    0.0004008622037219439,
    0.0003379117413895086,
    0.0006754763038316937
   ]
  },
  "probe15_dorm60": {
   "probe": 15,
   "min_dormancy": 60,
   "n_react": 44,
   "gamma_A1_minus_A9": {
    "mean": 0.0010342544971852711,
    "ci95": 0.00013612305153725123,
    "positive_significant": true
   },
   "post_react_A1": {
    "mean": 0.021766945294418638,
    "ci95": 0.00015854008362622672
   },
   "post_react_A9": {
    "mean": 0.020732690797233368,
    "ci95": 0.00011932460158020903
   },
   "raw_gamma_per_seed": [
    0.0010559914921536746,
    0.0011234962615306945,
    0.0006211574018044619,
    0.0009719209134937921,
    0.001273147932342001,
    0.0009278430345360245,
    0.0008541727017590574,
    0.0010268369160570771,
    0.0014204508452531454,
    0.001067527472922783
   ]
  },
  "probe15_dorm120": {
   "probe": 15,
   "min_dormancy": 120,
   "n_react": 20,
   "gamma_A1_minus_A9": {
    "mean": 0.0011647866076543451,
    "ci95": 0.00032297371862430606,
    "positive_significant": true
   },
   "post_react_A1": {
    "mean": 0.02417335062193871,
    "ci95": 0.0002292075182388063
   },
   "post_react_A9": {
    "mean": 0.023008564014284364,
    "ci95": 0.0001667062424042901
   },
   "raw_gamma_per_seed": [
    0.0013214266770133834,
    0.0013849608814727847,
    -3.5300274932429515e-05,
    0.001389796501731863,
    0.0016826034535508405,
    0.0018644583901383342,
    0.0010690597034003525,
    0.0008708343391658768,
    0.0010367532151544442,
    0.001063273189848002
   ]
  }
 }
}