{
 "config": {
  "seeds": 20,
  "K": 2,
  "memory": "hard",
  "probe": 15,
  "min_dormancy": 90,
  "dd_thresh": 0.15,
  "seeding": "1311*s+17",
  "arms": [
   "A1-monolith-erm",
   "A9-oracle-pinned",
   "A5-risp-erm",
   "A6-risp-inv"
  ],
  "diag": {
   "0": {
    "n_react": 230,
    "median": 4.0,
    "max": 453,
    "n_ge90": 7
   },
   "1": {
    "n_react": 247,
    "median": 6.0,
    "max": 638,
    "n_ge90": 23
   },
   "2": {
    "n_react": 39,
    "median": 5.0,
    "max": 2953,
    "n_ge90": 5
   },
   "3": {
    "n_react": 64,
    "median": 5.0,
    "max": 1957,
    "n_ge90": 13
   }
  },
  "gross_exposure": "k*w_max = 1.0 in both cells (headline: k=5, w_max=0.2)",
  "prereg": "Addendum K K3, spec commit a02b9f8"
 },
 "cells": {
  "k3_wmax0.333": {
   "k": 3,
   "w_max": 0.3333333333333333,
   "post_react": {
    "A1-monolith-erm": {
     "mean": 0.025192154637617464,
     "ci95": 0.00019829940926408658,
     "n": 20
    },
    "A9-oracle-pinned": {
     "mean": 0.024924535129470557,
     "ci95": 0.00026321984987089943,
     "n": 20
    },
    "A5-risp-erm": {
     "mean": 0.024824077665961997,
     "ci95": 0.00017635110674264277,
     "n": 20
    },
    "A6-risp-inv": {
     "mean": 0.024612229168389503,
     "ci95": 0.00011186009644552183,
     "n": 20
    }
   },
   "overall": {
    "A1-monolith-erm": {
     "mean": 0.02182003674814309,
     "ci95": 4.586178270422402e-05,
     "n": 20
    },
    "A9-oracle-pinned": {
     "mean": 0.021744106333896264,
     "ci95": 6.703231855272477e-05,
     "n": 20
    },
    "A5-risp-erm": {
     "mean": 0.021749357696048903,
     "ci95": 4.410891799022829e-05,
     "n": 20
    },
    "A6-risp-inv": {
     "mean": 0.02186112382844264,
     "ci95": 1.974225066559196e-05,
     "n": 20
    }
   },
   "welch_p": {
    "A6-risp-inv vs A5-risp-erm": 0.055348908959145085,
    "A6-risp-inv vs A1-monolith-erm": 2.383684143469374e-05,
    "A5-risp-erm vs A1-monolith-erm": 0.009873458516637961,
    "A6-risp-inv vs A9-oracle-pinned": 0.042020045123972796,
    "A5-risp-erm vs A9-oracle-pinned": 0.5385490272133903,
    "A1-monolith-erm vs A9-oracle-pinned": 0.12037976913969643
   },
   "holm_p": {
    "A6-risp-inv vs A1-monolith-erm": 0.00014302104860816246,
    "A5-risp-erm vs A1-monolith-erm": 0.04936729258318981,
    "A6-risp-inv vs A9-oracle-pinned": 0.16808018049589118,
    "A6-risp-inv vs A5-risp-erm": 0.16808018049589118,
    "A1-monolith-erm vs A9-oracle-pinned": 0.24075953827939287,
    "A5-risp-erm vs A9-oracle-pinned": 0.5385490272133903
   },
   "gamma_A1_minus_A9": {
    "pair": "A1-monolith-erm - A9-oracle-pinned",
    "mean": 0.00026761950814690376,
    "ci95": 0.00024407872254546313,
    "positive_significant": true
   },
   "A1_minus_A6": {
    "pair": "A1-monolith-erm - A6-risp-inv",
    "mean": 0.0005799254692279629,
    "ci95": 0.00016929602547235075,
    "positive_significant": true
   },
   "A6_below_A1_direction": true,
   "raw": {
    "A1-monolith-erm": {
     "overall": [
      0.021862363277020628,
      0.021965665472620965,
      0.021741845196259164,
      0.02178417723352169,
      0.02181651687542558,
      0.021844642847747058,
      0.02194003199891038,
      0.021888571942126674,
      0.021661543722839682,
      0.021922500998225316,
      0.02187045166408464,
      0.02185487522818696,
      0.021639066256887784,
      0.021857671363223443,
      0.021768684320585444,
      0.021646816235758183,
      0.021973544792291466,
      0.02172547798652754,
      0.02172005421471741,
      0.021916233335901834
     ],
     "post_react": [
      0.02499578001979484,
      0.0248817485337165,
      0.02455694991528095,
      0.02503548295028633,
      0.025584018353947843,
      0.02491668123487849,
      0.025223457400080418,
      0.025113452286126266,
      0.024701000198101442,
      0.025902851595111562,
      0.02564825998825103,
      0.025627479902856038,
      0.024702113769500295,
      0.0257020270949879,
      0.025573264724304514,
      0.024713365000568532,
      0.02575776045826297,
      0.024446209279724126,
      0.025131296319778534,
      0.025629893726790712
     ]
    },
    "A9-oracle-pinned": {
     "overall": [
      0.02167770601609016,
      0.02167472311320081,
      0.021514620232075173,
      0.02198213661490807,
      0.021751612240375168,
      0.021576360663858523,
      0.021432732305501866,
      0.021928027086808105,
      0.021879589012761914,
      0.021781587973058417,
      0.021718199703444734,
      0.021895463697475644,
      0.021746089806697056,
      0.02185055039983971,
      0.021936660658574185,
      0.02161422618804312,
      0.02171996547773376,
      0.02176237320263508,
      0.02155208661180352,
      0.021887415673040235
     ],
     "post_react": [
      0.02451878164151944,
      0.024460633594528297,
      0.02475271143260377,
      0.024912133970442327,
      0.025028938398630893,
      0.023713865178411953,
      0.02428111579416502,
      0.024439655528502514,
      0.024970144559983424,
      0.025483624874149194,
      0.02554834954419756,
      0.025652158054137852,
      0.025180598755090176,
      0.025828784208471768,
      0.026235519039734794,
      0.024470893582464154,
      0.02477779973097096,
      0.024974131774340186,
      0.024830774989313218,
      0.024430087937753718
     ]
    },
    "A5-risp-erm": {
     "overall": [
      0.021590380388917446,
      0.02187013687766547,
      0.02180324389487487,
      0.02169847762255499,
      0.0217114504115075,
      0.021879891865968292,
      0.021788794734747343,
      0.02176662336566282,
      0.02176668261268549,
      0.02165292565843294,
      0.021746224205506492,
      0.0215529932706916,
      0.021884665841169614,
      0.02172258710557568,
      0.021909897155641934,
      0.021816740800808032,
      0.02174804438404128,
      0.021725997389551267,
      0.021581188747305594,
      0.02177020758766942
     ],
     "post_react": [
      0.024188794128486714,
      0.02570033997262757,
      0.02524300293684762,
      0.024620696477720503,
      0.024619400413818004,
      0.025543907763819474,
      0.02443685288417498,
      0.02447430106205734,
      0.025180952880422623,
      0.024702701104990003,
      0.024639479009022847,
      0.02435612547697288,
      0.025160904279092542,
      0.024778976282974895,
      0.024419207132290018,
      0.024754582542091216,
      0.02510381520983951,
      0.02510432177877218,
      0.024710837187971305,
      0.02474235479524773
     ]
    },
    "A6-risp-inv": {
     "overall": [
      0.021760483645902554,
      0.021892799187475304,
      0.021888383488739525,
      0.02190086386693749,
      0.021869513283220683,
      0.02183211389393509,
      0.021819022526788114,
      0.021878526573024852,
      0.021962440230344823,
      0.021883641936107343,
      0.021866446407449266,
      0.02180943185058983,
      0.021857652173081662,
      0.021874158301230955,
      0.02191343098245476,
      0.0218347051997482,
      0.021804400181054534,
      0.021834966529915997,
      0.021891806957177778,
      0.021847689353674052
     ],
     "post_react": [
      0.024395136049913207,
      0.024420740489725992,
      0.02462371303258657,
      0.024453417247897204,
      0.025001290459099948,
      0.02435197638407789,
      0.024386023651280068,
      0.0243594414480258,
      0.02424127684718171,
      0.025094427554990386,
      0.024635275838776893,
      0.024412365676581532,
      0.02495196284112263,
      0.02489968694888558,
      0.024852882996070604,
      0.024707433313808837,
      0.02487787966282127,
      0.024397770716074938,
      0.024565429706342484,
      0.024616452502526493
     ]
    }
   }
  },
  "k10_wmax0.1": {
   "k": 10,
   "w_max": 0.1,
   "post_react": {
    "A1-monolith-erm": {
     "mean": 0.017618597593492692,
     "ci95": 7.576034906901987e-05,
     "n": 20
    },
    "A9-oracle-pinned": {
     "mean": 0.017123969213747578,
     "ci95": 0.00011060203731880813,
     "n": 20
    },