{
 "config": {
  "seeds": 20,
  "K": 2,
  "memory": "hard",
  "probe": 15,
  "min_dormancy": 90,
  "dd_thresh": 0.15,
  "seeding": "1311*s+17",
  "arms": [
   "A1-monolith-erm",
   "A9-oracle-pinned",
   "A5-risp-erm",
   "A6-risp-inv",
   "A1r-replay-erm",
   "A1r-replay-inv"
  ],
  "diag": {
   "0": {
    "n_react": 230,
    "median": 4.0,
    "max": 453,
    "n_ge90": 7
   },
   "1": {
    "n_react": 247,
    "median": 6.0,
    "max": 638,
    "n_ge90": 23
   },
   "2": {
    "n_react": 39,
    "median": 5.0,
    "max": 2953,
    "n_ge90": 5
   },
   "3": {
    "n_react": 64,
    "median": 5.0,
    "max": 1957,
    "n_ge90": 13
   }
  }
 },
 "post_react": {
  "A1-monolith-erm": {
   "mean": 0.022499061085231243,
   "ci95": 0.00017269712411097546,
   "n": 20
  },
  "A9-oracle-pinned": {
   "mean": 0.02158539282945626,
   "ci95": 0.00014534414412366496,
   "n": 20
  },
  "A5-risp-erm": {
   "mean": 0.021691452499001347,
   "ci95": 0.00013876512762587458,
   "n": 20
  },
  "A6-risp-inv": {
   "mean": 0.021309610474805556,
   "ci95": 0.00010468399666115981,
   "n": 20
  },
  "A1r-replay-erm": {
   "mean": 0.021596968800352577,
   "ci95": 0.0001390653332119354,
   "n": 20
  },
  "A1r-replay-inv": {
   "mean": 0.021638963676473097,
   "ci95": 9.828934480660609e-05,
   "n": 20
  }
 },
 "overall": {
  "A1-monolith-erm": {
   "mean": 0.01859263905186287,
   "ci95": 3.3258436486032864e-05,
   "n": 20
  },
  "A9-oracle-pinned": {
   "mean": 0.018450659200343673,
   "ci95": 3.992456575462796e-05,
   "n": 20
  },
  "A5-risp-erm": {
   "mean": 0.018450791978043665,
   "ci95": 4.976583094106308e-05,
   "n": 20
  },
  "A6-risp-inv": {
   "mean": 0.018478893525026095,
   "ci95": 1.886339122406543e-05,
   "n": 20
  },
  "A1r-replay-erm": {
   "mean": 0.0184613186854409,
   "ci95": 3.434803102286702e-05,
   "n": 20
  },
  "A1r-replay-inv": {
   "mean": 0.018536113833236244,
   "ci95": 2.1404993528352684e-05,
   "n": 20
  }
 },
 "welch_p": {
  "A1r-replay-erm vs A9-oracle-pinned": 0.9107903088672893,
  "A1r-replay-erm vs A1-monolith-erm": 1.6904296821788185e-09,
  "A6-risp-inv vs A1r-replay-erm": 0.0026371967358186964,
  "A6-risp-inv vs A1r-replay-inv": 6.37179317467791e-05,
  "A1r-replay-inv vs A9-oracle-pinned": 0.5535964548268368,
  "A1r-replay-inv vs A1r-replay-erm": 0.6319345082450223,
  "A6-risp-inv vs A5-risp-erm": 0.00012599100760927301,
  "A6-risp-inv vs A1-monolith-erm": 8.177144961397865e-13,
  "A5-risp-erm vs A1-monolith-erm": 2.018611305554694e-08,
  "A6-risp-inv vs A9-oracle-pinned": 0.004759510268398258
 },
 "holm_p": {
  "A6-risp-inv vs A1-monolith-erm": 8.177144961397865e-12,
  "A1r-replay-erm vs A1-monolith-erm": 1.5213867139609367e-08,
  "A5-risp-erm vs A1-monolith-erm": 1.6148890444437553e-07,
  "A6-risp-inv vs A1r-replay-inv": 0.0004460255222274537,
  "A6-risp-inv vs A5-risp-erm": 0.0007559460456556381,
  "A6-risp-inv vs A1r-replay-erm": 0.013185983679093481,
  "A6-risp-inv vs A9-oracle-pinned": 0.019038041073593033,
  "A1r-replay-inv vs A9-oracle-pinned": 1.0,
  "A1r-replay-inv vs A1r-replay-erm": 1.0,
  "A1r-replay-erm vs A9-oracle-pinned": 1.0
 },
 "paired_gammas": {
  "gate2_A1_minus_A9": {
   "pair": "A1-monolith-erm - A9-oracle-pinned",
   "mean": 0.0009136682557749859,
   "ci95": 0.00020081751035083996,
   "positive_significant": true
  },
  "replay_A1r_erm_minus_A9": {
   "pair": "A1r-replay-erm - A9-oracle-pinned",
   "mean": 1.1575970896319198e-05,
   "ci95": 0.00023309464494549416,
   "positive_significant": false
  },
  "replay_A1r_inv_minus_A9": {
   "pair": "A1r-replay-inv - A9-oracle-pinned",
   "mean": 5.357084701684105e-05,
   "ci95": 0.0001947255552779757,
   "positive_significant": false
  },
  "deficit_closed_A1_minus_A1r_erm": {
   "pair": "A1-monolith-erm - A1r-replay-erm",
   "mean": 0.0009020922848786666,
   "ci95": 0.00023134107753282397,
   "positive_significant": true
  },
  "A1r_erm_minus_A6": {
   "pair": "A1r-replay-erm - A6-risp-inv",
   "mean": 0.0002873583255470236,
   "ci95": 0.0001786809425626058,
   "positive_significant": true
  },
  "A1r_inv_minus_A6": {
   "pair": "A1r-replay-inv - A6-risp-inv",
   "mean": 0.00032935320166754546,
   "ci95": 0.00013560161510256058,
   "positive_significant": true
  }
 },
 "burst_refits_per_run": {
  "A1r-replay-erm": 54.0,
  "A1r-replay-inv": 54.0
 },
 "raw": {
  "A1-monolith-erm": {
   "overall": [
    0.018704851861160145,
    0.018615347312342035,
    0.018529902279274944,
    0.01849859290646725,
    0.018496754241184125,
    0.018662421999265558,
    0.018615894002621012,
    0.01859036127861645,
    0.01848403292982802,
    0.01863614508868142,
    0.018629953972984944,
    0.018523492556390617,
    0.018554906899106317,
    0.018708990653016212,
    0.018678732333416586,
    0.01849248299851086,
    0.01863357449592377,
    0.018575692796063543,
    0.01852647365355141,
    0.018694176778852132
   ],
   "post_react": [
    0.022694576922815613,
    0.022672829640968187,
    0.02165643984291802,
    0.02252303778996244,
    0.022792276806233084,
    0.022554710312009844,
    0.02274010546993717,
    0.02230942194666625,
    0.022604052008317176,
    0.022663927852600973,
    0.022686476391686923,
    0.022973716640935723,
    0.021818803101554207,
    0.022903352397321424,
    0.02243161578880107,
    0.021798592684614936,
    0.022358103565781638,
    0.022102373250643695,
    0.02257762567738193,
    0.023119183613474564
   ]
  },
  "A9-oracle-pinned": {
   "overall": [
    0.018490166693815518,
    0.01838279082601992,
    0.01830615658360357,
    0.018505234032163153,
    0.01850042183445386,
    0.01837016664591003,
    0.018335731884312905,
    0.01840405359661005,
    0.018406788225944184,
    0.01839463764567003,
    0.018395049179234006,
    0.018556694215044914,
    0.01839224865008578,
    0.018619366742282987,
    0.01853469522512187,
    0.01841581161845891,
    0.018373097321415337,
    0.018575190521574532,
    0.01845517575601386,
    0.018599706809138028
   ],
   "post_react": [
    0.02144961977819918,
    0.021383806076691405,
    0.02153698978383028,
    0.021228229903307236,
    0.0211037177467524,
    0.021240167389793375,
    0.021705690958623347,
    0.02118748060924676,
    0.021764197110887073,
    0.021614033963509964,
    0.021903239578509866,
    0.021663790841608837,
    0.0218236036246265,
    0.02226185940731807,
    0.021763617608698167,
    0.020943794265963322,
    0.021581719751637415,
    0.022059991625973708,
    0.021714803948416135,
    0.021777502615532105
   ]
  },
  "A5-risp-erm": {
   "overall": [
    0.018289988804945805,
    0.01863184264024644,
    0.01845372043974266,
    0.018547322529344337,
    0.018263606935186912,
    0.018404455759263458,
    0.018477562962158064,
    0.018536473472302605,
    0.01831901863586382,
    0.018506970471660975,
    0.018422557736415903,
    0.01848947010453517,
    0.018325420480947367,
    0.018497771544844,
    0.01863063822111761,
    0.01845459567802683,
    0.01852900668592303,
    0.018395917018046517,
    0.018574056536575578,
    0.018265442903726278
   ],
   "post_react": [
    0.02082932662107855,
    0.022076124703915134,
    0.021800553973797192,
    0.02170639976689683,
    0.02150641261004593,
    0.022125319817165968,
    0.021648883085713572,
    0.021962183772646773,
    0.0217432617269419,
    0.021690564822724346,
    0.02145406908357157,
    0.02139017254830612,
    0.021706803694912315,
    0.021963384852546793,
    0.021967703069892423,
    0.021374268451910115,
    0.02207543450543594,
    0.021306322750039124,
    0.021754477193347145,
    0.021747382929139213
   ]
  },