{
 "walkforward": {
  "diag": {
   "0": {
    "n_react": 198,
    "median": 9.0,
    "max": 4395,
    "n_ge90": 11
   },
   "1": {
    "n_react": 207,
    "median": 8.0,
    "max": 4445,
    "n_ge90": 30
   },
   "2": {
    "n_react": 173,
    "median": 9.0,
    "max": 3366,
    "n_ge90": 14
   },
   "3": {
    "n_react": 186,
    "median": 6.5,
    "max": 2166,
    "n_ge90": 22
   }
  },
  "n_react_evaluated": 48,
  "post_react": {
   "A1-monolith-erm": {
    "mean": 0.012256137622430248,
    "ci95": 4.163304599284685e-05,
    "n": 20
   },
   "A2-router": {
    "mean": 0.012300210278266378,
    "ci95": 5.9254601872802674e-05,
    "n": 20
   },
   "A3-recentperf": {
    "mean": 0.012382697484298016,
    "ci95": 6.451189477587777e-05,
    "n": 20
   },
   "A4-randomfixed": {
    "mean": 0.012450862262840484,
    "ci95": 7.068404932376526e-05,
    "n": 20
   },
   "A5-risp-erm": {
    "mean": 0.012406672174460665,
    "ci95": 4.916128366396612e-05,
    "n": 20
   },
   "A6-risp-inv": {
    "mean": 0.012385632466384026,
    "ci95": 5.222619564502405e-05,
    "n": 20
   },
   "A7-monolith-inv": {
    "mean": 0.012064661288072981,
    "ci95": 4.222901417409508e-05,
    "n": 20
   },
   "A8a-hedge-fixed": {
    "mean": 0.013267921163434096,
    "ci95": 0.0,
    "n": 20
   },
   "A8b-hedge-learn": {
    "mean": 0.01223355567132083,
    "ci95": 4.621981071029866e-05,
    "n": 20
   },
   "A9-oracle-pinned": {
    "mean": 0.012492871789151538,
    "ci95": 6.333236655921318e-05,
    "n": 20
   }
  },
  "overall": {
   "A1-monolith-erm": {
    "mean": 0.010857170264517758,
    "ci95": 1.2224795484043268e-05,
    "n": 20
   },
   "A2-router": {
    "mean": 0.010904301522933275,
    "ci95": 2.0402362724983888e-05,
    "n": 20
   },
   "A3-recentperf": {
    "mean": 0.010733646980217747,
    "ci95": 2.4975353498890154e-05,
    "n": 20
   },
   "A4-randomfixed": {
    "mean": 0.011025898032121262,
    "ci95": 1.791859392004494e-05,
    "n": 20
   },
   "A5-risp-erm": {
    "mean": 0.01101060306747879,
    "ci95": 1.818081462462244e-05,
    "n": 20
   },
   "A6-risp-inv": {
    "mean": 0.011002338192105932,
    "ci95": 1.246634704868767e-05,
    "n": 20
   },
   "A7-monolith-inv": {
    "mean": 0.010793073285452108,
    "ci95": 1.3340721980636664e-05,
    "n": 20
   },
   "A8a-hedge-fixed": {
    "mean": 0.011855162521540202,
    "ci95": 0.0,
    "n": 20
   },
   "A8b-hedge-learn": {
    "mean": 0.0108427808805372,
    "ci95": 1.6341682888814495e-05,
    "n": 20
   },
   "A9-oracle-pinned": {
    "mean": 0.011017818236185238,
    "ci95": 1.9246627602683858e-05,
    "n": 20
   }
  },
  "welch_p": {
   "A6-risp-inv vs A5-risp-erm": 0.5687279390093888,
   "A6-risp-inv vs A1-monolith-erm": 0.0005347263105190538,
   "A5-risp-erm vs A2-router": 0.010157374157412946,
   "A5-risp-erm vs A1-monolith-erm": 5.1227950287267105e-05,
   "A6-risp-inv vs A8b-hedge-learn": 0.00012692922171565857,
   "A6-risp-inv vs A9-oracle-pinned": 0.0147070611583286
  },
  "holm_p": {
   "A5-risp-erm vs A1-monolith-erm": 0.00030736770172360263,
   "A6-risp-inv vs A8b-hedge-learn": 0.0006346461085782928,
   "A6-risp-inv vs A1-monolith-erm": 0.0021389052420762154,
   "A5-risp-erm vs A2-router": 0.030472122472238836,
   "A6-risp-inv vs A9-oracle-pinned": 0.030472122472238836,
   "A6-risp-inv vs A5-risp-erm": 0.5687279390093888
  },
  "gate2_forgetting_deficit": {
   "mean": -0.00023673416672129118,
   "ci95": 8.139576561434685e-05,
   "positive_significant": false,
   "negative_significant": true
  },
  "ordering": {
   "A1": 0.012256137622430248,
   "A5": 0.012406672174460665,
   "A6": 0.012385632466384026,
   "A6<A5<A1": false
  },
  "sign_rule": {
   "gamma_category": "negative",
   "ordering_category": "inversion",
   "holm_p_A6_vs_A1": 0.0021389052420762154,
   "rule_predicts": "inversion",
   "consistent": true
  },
  "raw": {
   "A1-monolith-erm": {
    "overall": [
     0.010846609918882592,
     0.01078152663913001,
     0.010871478083445225,
     0.010834805438795657,
     0.010872283842773264,
     0.010851798549499839,
     0.010853123884075062,
     0.01084732439066242,
     0.01085361281824291,
     0.010829590742132477,
     0.010899561749722796,
     0.010846352518143528,
     0.010883530411222154,
     0.010830360482957649,
     0.010870952971023886,
     0.010862032811161054,
     0.010882262884534356,
     0.010904681429735044,
     0.0108787369342405,
     0.010842778789974711
    ],
    "post_react": [
     0.012362766996026127,
     0.012294515049325092,
     0.012404786670425364,
     0.0122935033572372,
     0.012196239128320787,
     0.012149308697480064,
     0.012236570640069252,
     0.012338728958408087,
     0.012149536086118259,
     0.012210742985730366,
     0.012353183632236076,
     0.012140264419581928,
     0.012138718447005242,
     0.012377983620315215,
     0.012290648064339384,
     0.012149204545372282,
     0.012195012534219332,
     0.012139214693595104,
     0.012348247467398626,
     0.01235357645540116
    ]
   },
   "A2-router": {
    "overall": [
     0.010919511770570907,
     0.01089564430867231,
     0.010960738320601938,
     0.01084307584536778,
     0.010881605561706196,
     0.010951925120559624,
     0.010822006960624748,
     0.010890170061002843,
     0.010984930921955047,
     0.010929035541498574,
     0.010862794864088846,
     0.010834119255898549,
     0.01084763190870059,
     0.01091673456332974,
     0.01088409536143971,
     0.010922792640670071,
     0.010902528405626995,
     0.010924434866123284,
     0.010972281762562286,
     0.010939972417665426
    ],
    "post_react": [
     0.01240633403162729,
     0.01213585956103566,
     0.012463306737011426,
     0.012148906192171353,
     0.012141814317662309,
     0.012296479556547129,
     0.012227782841013519,
     0.012266558345923995,
     0.01226829884694628,
     0.012152312781090309,
     0.012453771825918766,
     0.012252116601582009,
     0.012318098646845445,
     0.01229938408310399,
     0.012633787863152118,
     0.012425402681342873,
     0.012146746478641036,
     0.012202675425376503,
     0.012434581669171347,
     0.012329987079164214
    ]
   },
   "A3-recentperf": {
    "overall": [
     0.01078750099445439,
     0.010788064639542181,
     0.010789386651973171,
     0.01079776141569807,
     0.010785091711421247,
     0.010691730933930135,
     0.01072447948211084,
     0.010772371743433543,
     0.010704993712659856,
     0.010633906215992583,
     0.010620276362583874,
     0.010663046989254917,
     0.01067725045158628,
     0.01072150685323478,
     0.010790625818792528,
     0.010698005041866543,
     0.010705081105058351,
     0.010791729358323563,
     0.010768223452030923,
     0.010761906670407138
    ],
    "post_react": [
     0.012129886893246969,
     0.01240825690610444,
     0.012444883077728737,
     0.012617543458522711,
     0.0124681730858333,
     0.012322012797878755,
     0.012458076787136707,
     0.012225121769703702,
     0.012441357907825724,
     0.012113310465999786,
     0.012141371826438681,
     0.01243546488980443,
     0.012420026030861316,
     0.01254013465735246,
     0.012244958181485485,
     0.012388370530261409,
     0.012366442731566207,
     0.012403880628456059,
     0.012462701271633576,
     0.012621975788119891
    ]
   },
   "A4-randomfixed": {
    "overall": [
     0.011014659315346481,
     0.011036111117334062,
     0.010987575747690033,
     0.011018583988983583,
     0.0110336618448506,
     0.011048937022595684,
     0.01096617581749894,
     0.01106870801183788,
     0.01108237890422706,
     0.01098879794743911,
     0.010948314020636256,
     0.011082483505213524,
     0.01102399448699463,
     0.011055817945782413,
     0.010959557520078418,
     0.011059699547309901,
     0.011045364494621795,
     0.011077582325041285,
     0.011020187183427134,
     0.01099936989551649
    ],