{
 "1926-1957": {
  "diag": {
   "0": {
    "n_react": 72,
    "median": 6.5,
    "max": 4395,
    "n_ge90": 3
   },
   "1": {
    "n_react": 74,
    "median": 8.5,
    "max": 4445,
    "n_ge90": 10
   },
   "2": {
    "n_react": 125,
    "median": 9.0,
    "max": 642,
    "n_ge90": 6
   },
   "3": {
    "n_react": 129,
    "median": 6.0,
    "max": 2166,
    "n_ge90": 11
   }
  },
  "n_react_evaluated": 18,
  "post_react": {
   "A1-monolith-erm": {
    "mean": 0.012692406369636556,
    "ci95": 7.614038280301754e-05,
    "n": 20
   },
   "A5-risp-erm": {
    "mean": 0.012858846524359415,
    "ci95": 0.00013198067779582773,
    "n": 20
   },
   "A6-risp-inv": {
    "mean": 0.01287289793772658,
    "ci95": 9.348144382912857e-05,
    "n": 20
   },
   "A9-oracle-pinned": {
    "mean": 0.012921494615940315,
    "ci95": 0.00011942047132380306,
    "n": 20
   }
  },
  "overall": {
   "A1-monolith-erm": {
    "mean": 0.011143758436782735,
    "ci95": 2.0514773046803993e-05,
    "n": 20
   },
   "A5-risp-erm": {
    "mean": 0.011172462703041583,
    "ci95": 2.144375237033066e-05,
    "n": 20
   },
   "A6-risp-inv": {
    "mean": 0.011162097469420661,
    "ci95": 2.1100080561218925e-05,
    "n": 20
   },
   "A9-oracle-pinned": {
    "mean": 0.01115097073125009,
    "ci95": 2.2662595851617766e-05,
    "n": 20
   }
  },
  "welch_p": {
   "A6-risp-inv vs A5-risp-erm": 0.8657884750187168,
   "A6-risp-inv vs A1-monolith-erm": 0.005750690965108157,
   "A5-risp-erm vs A1-monolith-erm": 0.04041035680514056,
   "A6-risp-inv vs A9-oracle-pinned": 0.5339392898117985
  },
  "holm_p": {
   "A6-risp-inv vs A1-monolith-erm": 0.023002763860432627,
   "A5-risp-erm vs A1-monolith-erm": 0.12123107041542168,
   "A6-risp-inv vs A9-oracle-pinned": 1.0,
   "A6-risp-inv vs A5-risp-erm": 1.0
  },
  "gate2_forgetting_deficit": {
   "mean": -0.00022908824630376128,
   "ci95": 0.00012918937828965601,
   "positive_significant": false,
   "negative_significant": true
  },
  "ordering": {
   "A1": 0.012692406369636556,
   "A5": 0.012858846524359415,
   "A6": 0.01287289793772658,
   "A6<A5<A1": false
  },
  "sign_rule": {
   "gamma_category": "negative",
   "ordering_category": "inversion",
   "holm_p_A6_vs_A1": 0.023002763860432627,
   "rule_predicts": "inversion",
   "consistent": true
  },
  "raw": {
   "A1-monolith-erm": {
    "overall": [
     0.011091626327441201,
     0.011097324559423555,
     0.011144204196521706,
     0.01113532566403545,
     0.011196374364667,
     0.011122528388950793,
     0.011088820927733506,
     0.01107731164518488,
     0.011226711741554343,
     0.011134148936986242,
     0.011125819484617333,
     0.011200785746188149,
     0.011083106319323622,
     0.011180414699119123,
     0.011182403428528354,
     0.011161001609150083,
     0.011106150763563616,
     0.011186001511430546,
     0.01121413905943181,
     0.011120969361803412
    ],
    "post_react": [
     0.012498780893461408,
     0.01277152009641447,
     0.012518085509614583,
     0.012579143583777427,
     0.012948068908545352,
     0.012489384258471525,
     0.012663976789073505,
     0.012478296029689442,
     0.012546606369941706,
     0.012520635835341928,
     0.012704977819221265,
     0.012798744633249114,
     0.012632335020118055,
     0.012668108227900517,
     0.012557409074950104,
     0.012725764455404307,
     0.012855533278910652,
     0.012967350810398882,
     0.012950557980902647,
     0.012972847817344207
    ]
   },
   "A5-risp-erm": {
    "overall": [
     0.011207016426419678,
     0.01118682569926083,
     0.011214184691790755,
     0.011240863371944783,
     0.011136106618954578,
     0.011113071058353834,
     0.011129334570504181,
     0.011123019232996951,
     0.011210616475308053,
     0.01118055713785424,
     0.011248930757120058,
     0.01111121148437902,
     0.011204054235869296,
     0.011110708934540511,
     0.011159355721786824,
     0.011271234296906407,
     0.011163279253534539,
     0.011140718989195018,
     0.011133796808487735,
     0.01116436829562434
    ],
    "post_react": [
     0.013038761637282114,
     0.013259628875651113,
     0.013131845689423842,
     0.012514983713468408,
     0.0127185782255202,
     0.012397604439996955,
     0.012767640246760479,
     0.012587333963652716,
     0.012856706322620141,
     0.012791337937330697,
     0.012961282157325282,
     0.013464843422346232,
     0.013039812256158651,
     0.012856747125524542,
     0.012798340825424064,
     0.01313202314467346,
     0.013232198610389519,
     0.012698715555549408,
     0.012301381462846178,
     0.012627164875244333
    ]
   },
   "A6-risp-inv": {
    "overall": [
     0.011111245203353545,
     0.011211733307597595,
     0.011148322432202748,
     0.01115367564382322,
     0.011112404319804686,
     0.011197762393771274,
     0.011192228585187746,
     0.01107612932189442,
     0.011093679208861562,
     0.011222390763174668,
     0.011213604430735208,
     0.01119980640551928,
     0.011158505912700217,
     0.011215145103019632,
     0.011167695924359566,
     0.011112134849120046,
     0.011089026775721784,
     0.011219917036031904,
     0.011170911942149036,
     0.011175629829385074
    ],
    "post_react": [
     0.012772931716838127,
     0.012788573832224311,
     0.012771945511884231,
     0.012560470588449078,
     0.012773026401569756,
     0.013117808871467646,
     0.013087715161297381,
     0.01258368121150464,
     0.012919592848082912,
     0.013088370748161273,
     0.013318241380063026,
     0.012807652930934546,
     0.013140246203029277,
     0.012769253421974101,
     0.012755296557770785,
     0.012530022176329935,
     0.012705047840669784,
     0.012945481304709731,
     0.013051302606673925,
     0.012971297440897119
    ]
   },
   "A9-oracle-pinned": {
    "overall": [
     0.01124524627767921,
     0.01112677396129315,
     0.011118258143231474,
     0.011186027570463277,
     0.011243782443802827,
     0.011109992711854956,
     0.011044775974471295,
     0.011187546817714522,
     0.011117724111207572,
     0.01113398976698178,
     0.011174955118978579,
     0.011105631981546236,
     0.01117895734700902,
     0.011176243342183676,
     0.011199372338597162,
     0.011186724406023519,
     0.011160612713096112,
     0.011135253257383477,
     0.011103038397775735,
     0.011084507943708188
    ],
    "post_react": [
     0.012803663049742195,
     0.012886742450993614,
     0.012647546604186221,
     0.012776734158685727,
     0.0132133778031587,
     0.012818976212055471,
     0.012973086326056574,
     0.013241953181895761,
     0.01253536742074341,
     0.012785378111557392,
     0.0132754964044302,
     0.01292074783389862,
     0.013120043750112534,
     0.012620526776143906,
     0.013446769236359868,
     0.012412469277549128,
     0.012999379639106766,
     0.013269172555184564,
     0.012822107753163751,
     0.012860353773781917
    ]
   }
  },
  "window": [
   "1926-07-01",
   "1957-12-31"
  ],
  "dd_thresh": 0.15,
  "n_industries": 36,
  "dropped_industries": [
   "Soda",
   "Toys",
   "Books",
   "Hlth",
   "MedEq",
   "Rubbr",
   "FabPr",
   "Guns",
   "Gold",
   "PerSv",
   "Softw",
   "LabEq",
   "Paper"
  ],
  "regime_counts": {
   "0": 2834,
   "1": 882,
   "2": 2688,
   "3": 2531
  },
  "crisis_clusters_gap60": [
   {
    "start": "1929-10-25",
    "end": "1944-09-19",
    "n_days": 4419,
    "max_dd": 0.868355655313707,
    "t0": 888,
    "t1": 5343,
    "n_runs": 4
   },
   {
    "start": "1946-09-04",
    "end": "1949-08-05",
    "n_days": 763,
    "max_dd": 0.32272067876370314,
    "t0": 5901,
    "t1": 6729,
    "n_runs": 5
   },
   {
    "start": "1957-10-14",
    "end": "1957-12-31",
    "n_days": 37,
    "max_dd": 0.19546432663459024,
    "t0": 8881,
    "t1": 8934,
    "n_runs": 4
   }
  ],
  "seeding": "np.random.default_rng(1311*s+17) per arm",
  "pairs_family": "4 computable of the pre-registered 6"
 },
 "1958-1989": {
  "diag": {
   "0": {
    "n_react": 121,
    "median": 10.0,
    "max": 563,