{
 "walkforward": {
  "diag": {
   "0": {
    "n_react": 117,
    "median": 4.0,
    "max": 2461,
    "n_ge90": 9
   },
   "1": {
    "n_react": 103,
    "median": 5.0,
    "max": 2501,
    "n_ge90": 11
   },
   "2": {
    "n_react": 201,
    "median": 5.0,
    "max": 1530,
    "n_ge90": 14
   },
   "3": {
    "n_react": 194,
    "median": 5.0,
    "max": 704,
    "n_ge90": 18
   }
  },
  "n_react_evaluated": 26,
  "post_react": {
   "A1-monolith-erm": {
    "mean": 0.009471669834680618,
    "ci95": 0.00014205671172723647,
    "n": 20
   },
   "A5-risp-erm": {
    "mean": 0.009968845978142734,
    "ci95": 0.00013077477399295103,
    "n": 20
   },
   "A6-risp-inv": {
    "mean": 0.010151601130148064,
    "ci95": 0.00010989610039888356,
    "n": 20
   },
   "A9-oracle-pinned": {
    "mean": 0.010073398525918134,
    "ci95": 0.00011472337267910365,
    "n": 20
   }
  },
  "overall": {
   "A1-monolith-erm": {
    "mean": 0.008186725235110668,
    "ci95": 2.2796868556536443e-05,
    "n": 20
   },
   "A5-risp-erm": {
    "mean": 0.008184447432312222,
    "ci95": 3.5365873411199326e-05,
    "n": 20
   },
   "A6-risp-inv": {
    "mean": 0.008260112028498068,
    "ci95": 1.9547730609344794e-05,
    "n": 20
   },
   "A9-oracle-pinned": {
    "mean": 0.008207347421656828,
    "ci95": 3.0446108313557968e-05,
    "n": 20
   }
  },
  "welch_p": {
   "A6-risp-inv vs A5-risp-erm": 0.042908602454080666,
   "A6-risp-inv vs A1-monolith-erm": 9.717191489357595e-09,
   "A5-risp-erm vs A1-monolith-erm": 1.1652161680409168e-05,
   "A6-risp-inv vs A9-oracle-pinned": 0.34074829349022284
  },
  "holm_p": {
   "A6-risp-inv vs A1-monolith-erm": 3.886876595743038e-08,
   "A5-risp-erm vs A1-monolith-erm": 3.49564850412275e-05,
   "A6-risp-inv vs A5-risp-erm": 0.08581720490816133,
   "A6-risp-inv vs A9-oracle-pinned": 0.34074829349022284
  },
  "gate2_forgetting_deficit": {
   "mean": -0.0006017286912375173,
   "ci95": 0.0001623560165496019,
   "positive_significant": false,
   "negative_significant": true
  },
  "ordering": {
   "A1": 0.009471669834680618,
   "A5": 0.009968845978142734,
   "A6": 0.010151601130148064,
   "A6<A5<A1": false
  },
  "sign_rule": {
   "gamma_category": "negative",
   "ordering_category": "inversion",
   "holm_p_A6_vs_A1": 3.886876595743038e-08,
   "rule_predicts": "inversion",
   "consistent": true
  },
  "raw": {
   "A1-monolith-erm": {
    "overall": [
     0.008181259546927657,
     0.008238573798652168,
     0.00821732113809315,
     0.00818615915983841,
     0.008168413637487644,
     0.00813648312157645,
     0.008206928076550365,
     0.008099071531851014,
     0.008085634145864723,
     0.008178421304096283,
     0.008140062816291427,
     0.008206648725140668,
     0.008114017286758458,
     0.008286814448362,
     0.008185867718320269,
     0.00822241390570146,
     0.008265847088373371,
     0.008199273147408223,
     0.00820186359559229,
     0.008213430509327255
    ],
    "post_react": [
     0.009620887783713864,
     0.01000795630976934,
     0.009517567460482764,
     0.00897981655208947,
     0.009837652638834559,
     0.008922604542926028,
     0.009597011478582019,
     0.009490729745424756,
     0.00895570525284529,
     0.00896518008704676,
     0.00988065069658119,
     0.009551746827219881,
     0.009474520729501675,
     0.009537530964630907,
     0.009489415706968424,
     0.009774448083577886,
     0.009112930743267198,
     0.009723117698727513,
     0.009447923897910316,
     0.00954599949351251
    ]
   },
   "A5-risp-erm": {
    "overall": [
     0.00804754547071116,
     0.008214953702820908,
     0.008201781983132008,
     0.008228938274744052,
     0.008140546739349013,
     0.008042973313858089,
     0.008278891411041548,
     0.008085893219924102,
     0.00808420655426367,
     0.00817579733343247,
     0.00814224856160958,
     0.008234475687917624,
     0.008085317792073141,
     0.00823554882985363,
     0.008171527550315284,
     0.00824154664803322,
     0.008248109016315607,
     0.008284883703049993,
     0.008299185592011862,
     0.008244577261787416
    ],
    "post_react": [
     0.009732033484206155,
     0.010249555749451652,
     0.010134394660498812,
     0.010436486465467814,
     0.009441755692111486,
     0.00994802230636694,
     0.01021019321856097,
     0.01007628587118443,
     0.009742847286747852,
     0.009727919132297189,
     0.009905744120234025,
     0.01024937156896449,
     0.009608262205706588,
     0.01032090808284693,
     0.00983685854562699,
     0.010341227874896738,
     0.0094499162912594,
     0.009753543192141624,
     0.010043935994723788,
     0.010167657819560803
    ]
   },
   "A6-risp-inv": {
    "overall": [
     0.008318576472928968,
     0.008210612450632844,
     0.00821723840861681,
     0.008198883111474922,
     0.008274382278249625,
     0.008350723073860618,
     0.008284557842366659,
     0.00821531484440977,
     0.008236892819138378,
     0.008285075140909865,
     0.008256208188328751,
     0.00825544838232968,
     0.00821700789288303,
     0.00827568006876743,
     0.008282963986396894,
     0.008327456807019422,
     0.008197523361490641,
     0.008291146485324238,
     0.008284839142437526,
     0.008221709812395284
    ],
    "post_react": [
     0.01048161396821537,
     0.009964293247293487,
     0.009898748136838116,
     0.0098459373820107,
     0.009633533610067937,
     0.010301057369815595,
     0.010673034111743676,
     0.01005894378871441,
     0.010311222196751275,
     0.010384125945646328,
     0.009879629583639329,
     0.010253779981884094,
     0.010089397120610367,
     0.010247096728425937,
     0.010030026093489817,
     0.010395557702550132,
     0.009930463655443932,
     0.010245428552176486,
     0.010265792767616879,
     0.010142340660027407
    ]
   },
   "A9-oracle-pinned": {
    "overall": [
     0.008242913706507721,
     0.008255196264942954,
     0.00811810665326091,
     0.008174154624116982,
     0.008310880738482249,
     0.008240150497461955,
     0.008264092568529249,
     0.008114300782581641,
     0.008228883748562036,
     0.00830483182456532,
     0.008293444655095886,
     0.008230539070154136,
     0.008218405357087998,
     0.0082056640901536,
     0.008194366857488393,
     0.00821088713978187,
     0.008140897415322425,
     0.008224287203494935,
     0.008044266783324034,
     0.008130678452222248
    ],
    "post_react": [
     0.010155968955383614,
     0.009931690909940442,
     0.010008558682941295,
     0.00963586087082216,
     0.01073786973513264,
     0.0100825179570597,
     0.010508254130918616,
     0.01015637757511637,
     0.0100209686563297,
     0.010016074779392613,
     0.009851402742372317,
     0.01010373744476586,
     0.010030033872966925,
     0.010328387693392428,
     0.009753713565717014,
     0.010109800680525974,
     0.010020537470477113,
     0.009701899870742046,
     0.010330741477101722,
     0.009983573447264145
    ]
   }
  },
  "window": [
   "1990-07-02",
   "2025-12-31"
  ],
  "dd_thresh": 0.15,
  "seeding": "np.random.default_rng(1311*s+17) per arm",
  "pairs_family": "4 computable of the pre-registered 6",
  "prereg": "E-R (commit 5c96c35) + Addendum L (commit dfd9fe7)",
  "region_prediction": "Gamma_Japan ~ 0 or negative (E-R verbatim)",
  "config": {
   "seeds": 20,
   "K": 2,
   "memory": "hard",
   "probe": 15,
   "min_dormancy": 90,
   "k": 5,
   "w_max": 0.2
  }
 }
}