{
 "hard": {
  "1": {
   "post_react": {
    "A1-monolith-erm": {
     "mean": 0.03391747542235653,
     "ci95": 0.0003943068575469083,
     "n": 100
    },
    "A2-router": {
     "mean": 0.034131767004858926,
     "ci95": 0.0003909240410923014,
     "n": 100
    },
    "A4-randomfixed": {
     "mean": 0.03683862217128917,
     "ci95": 0.0006544601352594431,
     "n": 100
    },
    "A5-risp-erm": {
     "mean": 0.032403858054112764,
     "ci95": 0.0003638403505042,
     "n": 100
    },
    "A6-risp-inv": {
     "mean": 0.03077619853768809,
     "ci95": 0.0003770706702578599,
     "n": 100
    },
    "A9-oracle-pinned": {
     "mean": 0.0321999049534537,
     "ci95": 0.0004173037973247063,
     "n": 100
    }
   },
   "overall": {
    "A1-monolith-erm": {
     "mean": 0.026612769405812618,
     "ci95": 0.00020401461242942608,
     "n": 100
    },
    "A2-router": {
     "mean": 0.026845962046258838,
     "ci95": 0.00021175793115810106,
     "n": 100
    },
    "A4-randomfixed": {
     "mean": 0.03255222699555028,
     "ci95": 0.0006612690308015113,
     "n": 100
    },
    "A5-risp-erm": {
     "mean": 0.027639605752211298,
     "ci95": 0.00025760614335775266,
     "n": 100
    },
    "A6-risp-inv": {
     "mean": 0.026208220201614695,
     "ci95": 0.000239172485638762,
     "n": 100
    },
    "A9-oracle-pinned": {
     "mean": 0.027474167097497025,
     "ci95": 0.00026023733676390807,
     "n": 100
    }
   }
  },
  "2": {
   "post_react": {
    "A1-monolith-erm": {
     "mean": 0.03386505116104825,
     "ci95": 0.0003855442780799327,
     "n": 100
    },
    "A2-router": {
     "mean": 0.03391035304074992,
     "ci95": 0.0004154881957465728,
     "n": 100
    },
    "A4-randomfixed": {
     "mean": 0.033213410242034655,
     "ci95": 0.0004998657753743695,
     "n": 100
    },
    "A5-risp-erm": {
     "mean": 0.032403858054112764,
     "ci95": 0.0003638403505042,
     "n": 100
    },
    "A6-risp-inv": {
     "mean": 0.03077619853768809,
     "ci95": 0.0003770706702578599,
     "n": 100
    },
    "A9-oracle-pinned": {
     "mean": 0.0321999049534537,
     "ci95": 0.0004173037973247063,
     "n": 100
    }
   },
   "overall": {
    "A1-monolith-erm": {
     "mean": 0.026774599234836653,
     "ci95": 0.0002030887525745486,
     "n": 100
    },
    "A2-router": {
     "mean": 0.02705771568354525,
     "ci95": 0.00022631985613522884,
     "n": 100
    },
    "A4-randomfixed": {
     "mean": 0.028529194742609513,
     "ci95": 0.0004739857342941537,
     "n": 100
    },
    "A5-risp-erm": {
     "mean": 0.027639605752211298,
     "ci95": 0.00025760614335775266,
     "n": 100
    },
    "A6-risp-inv": {
     "mean": 0.026208220201614695,
     "ci95": 0.000239172485638762,
     "n": 100
    },
    "A9-oracle-pinned": {
     "mean": 0.027474167097497025,
     "ci95": 0.00026023733676390807,
     "n": 100
    }
   }
  },
  "3": {
   "post_react": {
    "A1-monolith-erm": {
     "mean": 0.0330213904326155,
     "ci95": 0.0004211952574568311,
     "n": 100
    },
    "A2-router": {
     "mean": 0.032890209129894016,
     "ci95": 0.0003957348113536596,
     "n": 100
    },
    "A4-randomfixed": {
     "mean": 0.03234712705339111,
     "ci95": 0.0004095644347991579,
     "n": 100
    },
    "A5-risp-erm": {
     "mean": 0.032403858054112764,
     "ci95": 0.0003638403505042,
     "n": 100
    },
    "A6-risp-inv": {
     "mean": 0.03077619853768809,
     "ci95": 0.0003770706702578599,
     "n": 100
    },
    "A9-oracle-pinned": {
     "mean": 0.0321999049534537,
     "ci95": 0.0004173037973247063,
     "n": 100
    }
   },
   "overall": {
    "A1-monolith-erm": {
     "mean": 0.027248497837686916,
     "ci95": 0.0002502325640687285,
     "n": 100
    },
    "A2-router": {
     "mean": 0.02749046734302431,
     "ci95": 0.0002495157490037806,
     "n": 100
    },
    "A4-randomfixed": {
     "mean": 0.027620882522896007,
     "ci95": 0.00030795149565634853,
     "n": 100
    },
    "A5-risp-erm": {
     "mean": 0.027639605752211298,
     "ci95": 0.00025760614335775266,
     "n": 100
    },
    "A6-risp-inv": {
     "mean": 0.026208220201614695,
     "ci95": 0.000239172485638762,
     "n": 100
    },
    "A9-oracle-pinned": {
     "mean": 0.027474167097497025,
     "ci95": 0.00026023733676390807,
     "n": 100
    }
   }
  },
  "4": {
   "post_react": {
    "A1-monolith-erm": {
     "mean": 0.03222349150357873,
     "ci95": 0.0004211842479613445,
     "n": 100
    },
    "A2-router": {
     "mean": 0.03246390160636194,
     "ci95": 0.0004068410632520907,
     "n": 100
    },
    "A4-randomfixed": {
     "mean": 0.032049885045976334,
     "ci95": 0.00038143076454326267,
     "n": 100
    },
    "A5-risp-erm": {
     "mean": 0.032403858054112764,
     "ci95": 0.0003638403505042,
     "n": 100
    },
    "A6-risp-inv": {
     "mean": 0.03077619853768809,
     "ci95": 0.0003770706702578599,
     "n": 100
    },
    "A9-oracle-pinned": {
     "mean": 0.0321999049534537,
     "ci95": 0.0004173037973247063,
     "n": 100
    }
   },
   "overall": {
    "A1-monolith-erm": {
     "mean": 0.027492258713570843,
     "ci95": 0.00024696576050611005,
     "n": 100
    },
    "A2-router": {
     "mean": 0.02773604257379909,
     "ci95": 0.00026015114559288044,
     "n": 100
    },
    "A4-randomfixed": {
     "mean": 0.02748735962284147,
     "ci95": 0.00025973886717802673,
     "n": 100
    },
    "A5-risp-erm": {
     "mean": 0.027639605752211298,
     "ci95": 0.00025760614335775266,
     "n": 100
    },
    "A6-risp-inv": {
     "mean": 0.026208220201614695,
     "ci95": 0.000239172485638762,
     "n": 100
    },
    "A9-oracle-pinned": {
     "mean": 0.027474167097497025,
     "ci95": 0.00026023733676390807,
     "n": 100
    }
   }
  }
 },
 "soft": {
  "1": {
   "post_react": {
    "A1-monolith-erm": {
     "mean": 0.03274405344956252,
     "ci95": 0.000387519227172367,
     "n": 100
    },
    "A2-router": {
     "mean": 0.03290468253567097,
     "ci95": 0.00037250015589927884,
     "n": 100
    },
    "A4-randomfixed": {
     "mean": 0.03683862217128917,
     "ci95": 0.0006544601352594431,
     "n": 100
    },
    "A5-risp-erm": {
     "mean": 0.032403858054112764,
     "ci95": 0.0003638403505042,
     "n": 100
    },
    "A6-risp-inv": {
     "mean": 0.03077619853768809,
     "ci95": 0.0003770706702578599,
     "n": 100
    },
    "A9-oracle-pinned": {
     "mean": 0.0321999049534537,
     "ci95": 0.0004173037973247063,
     "n": 100
    }
   },
   "overall": {
    "A1-monolith-erm": {
     "mean": 0.027670590478798114,
     "ci95": 0.00025458260461517064,
     "n": 100
    },
    "A2-router": {
     "mean": 0.027790421144482026,
     "ci95": 0.0002641994133480487,
     "n": 100
    },
    "A4-randomfixed": {
     "mean": 0.03255222699555028,
     "ci95": 0.0006612690308015113,
     "n": 100
    },
    "A5-risp-erm": {
     "mean": 0.027639605752211298,
     "ci95": 0.00025760614335775266,
     "n": 100
    },
    "A6-risp-inv": {
     "mean": 0.026208220201614695,
     "ci95": 0.000239172485638762,
     "n": 100
    },
    "A9-oracle-pinned": {
     "mean": 0.027474167097497025,
     "ci95": 0.00026023733676390807,
     "n": 100
    }
   }
  },
  "2": {
   "post_react": {
    "A1-monolith-erm": {
     "mean": 0.03274092727370335,
     "ci95": 0.0003867186745009375,
     "n": 100
    },
    "A2-router": {
     "mean": 0.03267056633452072,
     "ci95": 0.0003561413043342317,
     "n": 100
    },
    "A4-randomfixed": {
     "mean": 0.033311300355259234,
     "ci95": 0.0005023021542139089,
     "n": 100
    },
    "A5-risp-erm": {
     "mean": 0.032403858054112764,
     "ci95": 0.0003638403505042,
     "n": 100
    },
    "A6-risp-inv": {
     "mean": 0.03077619853768809,
     "ci95": 0.0003770706702578599,
     "n": 100
    },
    "A9-oracle-pinned": {
     "mean": 0.0321999049534537,
     "ci95": 0.0004173037973247063,
     "n": 100
    }
   },
   "overall": {
    "A1-monolith-erm": {
     "mean": 0.027668154115378204,
     "ci95": 0.00025732642223553955,