{
 "21": {
  "post_react": {
   "A1-monolith-erm": {
    "mean": 0.05059629808075936,
    "ci95": 0.0007344425235121956,
    "n": 100
   },
   "A2-router": {
    "mean": 0.05117249216373562,
    "ci95": 0.0007768140282984967,
    "n": 100
   },
   "A3-recentperf": {
    "mean": 0.05355472884680104,
    "ci95": 0.0007284269734580387,
    "n": 100
   },
   "A5-risp-erm": {
    "mean": 0.05073726207216759,
    "ci95": 0.000716019717149805,
    "n": 100
   },
   "A6-risp-inv": {
    "mean": 0.04953916221917184,
    "ci95": 0.0007043611427842701,
    "n": 100
   }
  },
  "steady": {
   "A1-monolith-erm": {
    "mean": 0.03066005303832183,
    "ci95": 0.0010346828596510898,
    "n": 100
   },
   "A2-router": {
    "mean": 0.031247764659607262,
    "ci95": 0.0010572028745537215,
    "n": 100
   },
   "A3-recentperf": {
    "mean": 0.03315930632873744,
    "ci95": 0.001063993253652944,
    "n": 100
   },
   "A5-risp-erm": {
    "mean": 0.032424936061463155,
    "ci95": 0.001130634978362835,
    "n": 100
   },
   "A6-risp-inv": {
    "mean": 0.03146245729210813,
    "ci95": 0.0011004615933569717,
    "n": 100
   }
  }
 },
 "63": {
  "post_react": {
   "A1-monolith-erm": {
    "mean": 0.05029433534927162,
    "ci95": 0.0007813316573732964,
    "n": 100
   },
   "A2-router": {
    "mean": 0.05035385786678145,
    "ci95": 0.0008434280858495086,
    "n": 100
   },
   "A3-recentperf": {
    "mean": 0.053773290349500937,
    "ci95": 0.0007615703713174544,
    "n": 100
   },
   "A5-risp-erm": {
    "mean": 0.04838592773102465,
    "ci95": 0.0008501781072143245,
    "n": 100
   },
   "A6-risp-inv": {
    "mean": 0.046879226776905626,
    "ci95": 0.0008640800492433619,
    "n": 100
   }
  },
  "steady": {
   "A1-monolith-erm": {
    "mean": 0.027355699500565565,
    "ci95": 0.0009158843404390374,
    "n": 100
   },
   "A2-router": {
    "mean": 0.027791510785860462,
    "ci95": 0.000924943013660955,
    "n": 100
   },
   "A3-recentperf": {
    "mean": 0.02955414237387729,
    "ci95": 0.0009496610162362185,
    "n": 100
   },
   "A5-risp-erm": {
    "mean": 0.029220120381372693,
    "ci95": 0.0008915381475298944,
    "n": 100
   },
   "A6-risp-inv": {
    "mean": 0.028009098722160498,
    "ci95": 0.0008902070462010707,
    "n": 100
   }
  }
 },
 "126": {
  "post_react": {
   "A1-monolith-erm": {
    "mean": 0.04993980142723208,
    "ci95": 0.0008018159818572375,
    "n": 100
   },
   "A2-router": {
    "mean": 0.049817690059154394,
    "ci95": 0.0007831889877624463,
    "n": 100
   },
   "A3-recentperf": {
    "mean": 0.052808032319650824,
    "ci95": 0.0007857392439559977,
    "n": 100
   },
   "A5-risp-erm": {
    "mean": 0.04720139831885252,
    "ci95": 0.0008048907374207297,
    "n": 100
   },
   "A6-risp-inv": {
    "mean": 0.04544150118810791,
    "ci95": 0.0007858193246967219,
    "n": 100
   }
  },
  "steady": {
   "A1-monolith-erm": {
    "mean": 0.026397314744070297,
    "ci95": 0.0006716718664551071,
    "n": 100
   },
   "A2-router": {
    "mean": 0.026998156520819886,
    "ci95": 0.0006550498811761046,
    "n": 100
   },
   "A3-recentperf": {
    "mean": 0.028499856584820935,
    "ci95": 0.0007025952667705193,
    "n": 100
   },
   "A5-risp-erm": {
    "mean": 0.02807540875946249,
    "ci95": 0.000644378928506162,
    "n": 100
   },
   "A6-risp-inv": {
    "mean": 0.026835312963133927,
    "ci95": 0.0006241747461775907,
    "n": 100
   }
  }
 },
 "252": {
  "post_react": {
   "A1-monolith-erm": {
    "mean": 0.04351170520687267,
    "ci95": 0.0006152351022281281,
    "n": 100
   },
   "A2-router": {
    "mean": 0.04358204185000434,
    "ci95": 0.0005737522353157495,
    "n": 100
   },
   "A3-recentperf": {
    "mean": 0.04669245662258466,
    "ci95": 0.0005661223084234238,
    "n": 100
   },
   "A5-risp-erm": {
    "mean": 0.04120013374685007,
    "ci95": 0.0005928360480984848,
    "n": 100
   },
   "A6-risp-inv": {
    "mean": 0.03964538851177813,
    "ci95": 0.0005269025536122471,
    "n": 100
   }
  },
  "steady": {
   "A1-monolith-erm": {
    "mean": 0.025534601070324996,
    "ci95": 0.0005142744980882914,
    "n": 100
   },
   "A2-router": {
    "mean": 0.025935525898425862,
    "ci95": 0.0005175654866626312,
    "n": 100
   },
   "A3-recentperf": {
    "mean": 0.02747622136531892,
    "ci95": 0.0005424185890341869,
    "n": 100
   },
   "A5-risp-erm": {
    "mean": 0.027010134760639154,
    "ci95": 0.000494786164598633,
    "n": 100
   },
   "A6-risp-inv": {
    "mean": 0.025771003876066224,
    "ci95": 0.0004885019640974988,
    "n": 100
   }
  }
 },
 "504": {
  "post_react": {
   "A1-monolith-erm": {
    "mean": 0.03736433744135653,
    "ci95": 0.0004046984371924139,
    "n": 100
   },
   "A2-router": {
    "mean": 0.03711608606502584,
    "ci95": 0.00039844721487143083,
    "n": 100
   },
   "A3-recentperf": {
    "mean": 0.04045303226140168,
    "ci95": 0.0003633037413289609,
    "n": 100
   },
   "A5-risp-erm": {
    "mean": 0.03548092551326467,
    "ci95": 0.00040860368396280756,
    "n": 100
   },
   "A6-risp-inv": {
    "mean": 0.03376844044585153,
    "ci95": 0.00036894066270536465,
    "n": 100
   }
  },
  "steady": {
   "A1-monolith-erm": {
    "mean": 0.024988494653211242,
    "ci95": 0.0003513564952653246,
    "n": 100
   },
   "A2-router": {
    "mean": 0.02529684734797146,
    "ci95": 0.00035813024930279625,
    "n": 100
   },
   "A3-recentperf": {
    "mean": 0.02669856263183064,
    "ci95": 0.00036169986164537695,
    "n": 100
   },
   "A5-risp-erm": {
    "mean": 0.02637335418680236,
    "ci95": 0.0003557506323282561,
    "n": 100
   },
   "A6-risp-inv": {
    "mean": 0.02511501726353393,
    "ci95": 0.0003454370382641106,
    "n": 100
   }
  }
 }
}