{
 "0.0": {
  "post_react": {
   "A5-risp-erm": {
    "mean": 0.029920530517653816,
    "ci95": 0.00034938070702972344,
    "n": 100
   },
   "A6-risp-inv": {
    "mean": 0.02893222188524039,
    "ci95": 0.0003245156465761325,
    "n": 100
   },
   "A9-oracle-pinned": {
    "mean": 0.030089400307369726,
    "ci95": 0.00032972990148767494,
    "n": 100
   }
  },
  "overall": {
   "A5-risp-erm": {
    "mean": 0.02520598613154225,
    "ci95": 0.00016531274758915882,
    "n": 100
   },
   "A6-risp-inv": {
    "mean": 0.024149482601993667,
    "ci95": 0.00016129541898202629,
    "n": 100
   },
   "A9-oracle-pinned": {
    "mean": 0.025217677388741984,
    "ci95": 0.00016383190083070267,
    "n": 100
   }
  }
 },
 "0.5": {
  "post_react": {
   "A5-risp-erm": {
    "mean": 0.03066263431155583,
    "ci95": 0.00035315366523492247,
    "n": 100
   },
   "A6-risp-inv": {
    "mean": 0.029474753005962525,
    "ci95": 0.00034738210601157075,
    "n": 100
   },
   "A9-oracle-pinned": {
    "mean": 0.030732468910552826,
    "ci95": 0.0003503270280579548,
    "n": 100
   }
  },
  "overall": {
   "A5-risp-erm": {
    "mean": 0.025878531108390425,
    "ci95": 0.00019392194533480775,
    "n": 100
   },
   "A6-risp-inv": {
    "mean": 0.024729497547914536,
    "ci95": 0.00017468994616382517,
    "n": 100
   },
   "A9-oracle-pinned": {
    "mean": 0.02586592194859746,
    "ci95": 0.00018659511447237023,
    "n": 100
   }
  }
 },
 "1.0": {
  "post_react": {
   "A5-risp-erm": {
    "mean": 0.032403858054112764,
    "ci95": 0.0003638403505042,
    "n": 100
   },
   "A6-risp-inv": {
    "mean": 0.03077619853768809,
    "ci95": 0.0003770706702578599,
    "n": 100
   },
   "A9-oracle-pinned": {
    "mean": 0.0321999049534537,
    "ci95": 0.0004173037973247063,
    "n": 100
   }
  },
  "overall": {
   "A5-risp-erm": {
    "mean": 0.027639605752211298,
    "ci95": 0.00025760614335775266,
    "n": 100
   },
   "A6-risp-inv": {
    "mean": 0.026208220201614695,
    "ci95": 0.000239172485638762,
    "n": 100
   },
   "A9-oracle-pinned": {
    "mean": 0.027474167097497025,
    "ci95": 0.00026023733676390807,
    "n": 100
   }
  }
 },
 "1.5": {
  "post_react": {
   "A5-risp-erm": {
    "mean": 0.03479571164803717,
    "ci95": 0.0004789086750094817,
    "n": 100
   },
   "A6-risp-inv": {
    "mean": 0.03267050055388619,
    "ci95": 0.0004920847222622192,
    "n": 100
   },
   "A9-oracle-pinned": {
    "mean": 0.03440762191375628,
    "ci95": 0.0005593990389734543,
    "n": 100
   }
  },
  "overall": {
   "A5-risp-erm": {
    "mean": 0.029963489915377773,
    "ci95": 0.0003713200508773231,
    "n": 100
   },
   "A6-risp-inv": {
    "mean": 0.02828209457595761,
    "ci95": 0.00035239950383472837,
    "n": 100
   },
   "A9-oracle-pinned": {
    "mean": 0.029756873560412202,
    "ci95": 0.0003827355724491468,
    "n": 100
   }
  }
 },
 "2.0": {
  "post_react": {
   "A5-risp-erm": {
    "mean": 0.037795902287825596,
    "ci95": 0.0006782135875466903,
    "n": 100
   },
   "A6-risp-inv": {
    "mean": 0.03522120670145637,
    "ci95": 0.0006955870363391902,
    "n": 100
   },
   "A9-oracle-pinned": {
    "mean": 0.03700516426351539,
    "ci95": 0.0008211765168349014,
    "n": 100
   }
  },
  "overall": {
   "A5-risp-erm": {
    "mean": 0.03281536205370052,
    "ci95": 0.0005238801771380115,
    "n": 100
   },
   "A6-risp-inv": {
    "mean": 0.03079134246332473,
    "ci95": 0.000507920487982503,
    "n": 100
   },
   "A9-oracle-pinned": {
    "mean": 0.03236865119289036,
    "ci95": 0.0005518531529878876,
    "n": 100
   }
  }
 }
}