{
 "0.5": {
  "post_react": {
   "A1-monolith-erm": {
    "mean": 0.03712029522761707,
    "ci95": 0.00037008008510775543,
    "n": 100
   },
   "A6-risp-inv": {
    "mean": 0.034694213310459764,
    "ci95": 0.00034331615475194767,
    "n": 100
   },
   "A9-oracle-pinned": {
    "mean": 0.03573948221098325,
    "ci95": 0.0003587675228078698,
    "n": 100
   }
  },
  "steady": {
   "A1-monolith-erm": {
    "mean": 0.029532586984823053,
    "ci95": 0.0002595170157110204,
    "n": 100
   },
   "A6-risp-inv": {
    "mean": 0.028818709387376535,
    "ci95": 0.00028700107456198934,
    "n": 100
   },
   "A9-oracle-pinned": {
    "mean": 0.030062112937714148,
    "ci95": 0.0002898327119966247,
    "n": 100
   }
  }
 },
 "1.0": {
  "post_react": {
   "A1-monolith-erm": {
    "mean": 0.03386505116104825,
    "ci95": 0.0003855442780799327,
    "n": 100
   },
   "A6-risp-inv": {
    "mean": 0.03077619853768809,
    "ci95": 0.0003770706702578599,
    "n": 100
   },
   "A9-oracle-pinned": {
    "mean": 0.0321999049534537,
    "ci95": 0.0004173037973247063,
    "n": 100
   }
  },
  "steady": {
   "A1-monolith-erm": {
    "mean": 0.0245069749875508,
    "ci95": 0.0002599364304620302,
    "n": 100
   },
   "A6-risp-inv": {
    "mean": 0.025210654630432407,
    "ci95": 0.00030692258582207737,
    "n": 100
   },
   "A9-oracle-pinned": {
    "mean": 0.02631683021888644,
    "ci95": 0.00032918172415540996,
    "n": 100
   }
  }
 },
 "2.0": {
  "post_react": {
   "A1-monolith-erm": {
    "mean": 0.02971025750627181,
    "ci95": 0.000358643579198949,
    "n": 100
   },
   "A6-risp-inv": {
    "mean": 0.028246396449836366,
    "ci95": 0.0006090949283789029,
    "n": 100
   },
   "A9-oracle-pinned": {
    "mean": 0.029563924475890523,
    "ci95": 0.0006638243647387875,
    "n": 100
   }
  },
  "steady": {
   "A1-monolith-erm": {
    "mean": 0.01876095760662933,
    "ci95": 0.00028289015524144876,
    "n": 100
   },
   "A6-risp-inv": {
    "mean": 0.02314939020143466,
    "ci95": 0.0004412063019572085,
    "n": 100
   },
   "A9-oracle-pinned": {
    "mean": 0.024116732447788863,
    "ci95": 0.00047301057936451394,
    "n": 100
   }
  }
 },
 "4.0": {
  "post_react": {
   "A1-monolith-erm": {
    "mean": 0.02746269849197459,
    "ci95": 0.00035790224607813514,
    "n": 100
   },
   "A6-risp-inv": {
    "mean": 0.0326331618749644,
    "ci95": 0.0013357779737151224,
    "n": 100
   },
   "A9-oracle-pinned": {
    "mean": 0.03342696195503137,
    "ci95": 0.0013918217562559215,
    "n": 100
   }
  },
  "steady": {
   "A1-monolith-erm": {
    "mean": 0.014902175115894159,
    "ci95": 0.000461761660354121,
    "n": 100
   },
   "A6-risp-inv": {
    "mean": 0.026875797642014768,
    "ci95": 0.0008449143512164721,
    "n": 100
   },
   "A9-oracle-pinned": {
    "mean": 0.02764015335069264,
    "ci95": 0.0009021567918567078,
    "n": 100
   }
  }
 },
 "8.0": {
  "post_react": {
   "A1-monolith-erm": {
    "mean": 0.033090990488904064,
    "ci95": 0.0006457131711189157,
    "n": 100
   },
   "A6-risp-inv": {
    "mean": 0.052933084610480866,
    "ci95": 0.00297630496224684,
    "n": 100
   },
   "A9-oracle-pinned": {
    "mean": 0.05256097649424153,
    "ci95": 0.002984392740643424,
    "n": 100
   }
  },
  "steady": {
   "A1-monolith-erm": {
    "mean": 0.016457977259156466,
    "ci95": 0.0011174815400311774,
    "n": 100
   },
   "A6-risp-inv": {
    "mean": 0.04357040941614868,
    "ci95": 0.001782059607309757,
    "n": 100
   },
   "A9-oracle-pinned": {
    "mean": 0.044229822931469105,
    "ci95": 0.00194069833471512,
    "n": 100
   }
  }
 }
}